"country","year","launched","foiled","all","population","percentagemuslims","refugees","gdpcap","unemployment","cpi","socialspend","rightwingness","securityspend","troops_in_mw","rwattacks","all_poisson","launched_poisson","nb_all","nb_launched"
"Australia",1993,0,0,0,17667000,1.255,53505,17634.256,10.8739995956421,56.58231,15.547,3.88330006599426,NA,73,NA,0,0,0,0
"Australia",1994,0,0,0,17855000,1.301924,57575,18046.02,9.718999863,57.69677,15.272,3.88330006599426,NA,66,NA,0,0,0,0
"Australia",1995,0,0,0,18072000,1.34806,62145,20319.631,8.468999863,60.36684,16.915001,3.88330006599426,NA,0,NA,2,0,4,0
"Australia",1996,0,0,0,18311000,1.394196,67313,21861.326,8.505999565,61.945671,17.028999,7.60624980926514,NA,0,NA,1,1,0,0
"Australia",1997,0,0,0,18517000,1.4403321,66074,23468.598,8.362000465,62.08498,16.788,7.60624980926514,NA,115,NA,1,0,0,0
"Australia",1998,0,0,0,18711000,1.4864681,69745,21318.965,7.676000118,62.618992,17.621,7.60624980926514,1.51642932816892,115,NA,2,0,0,0
"Australia",1999,0,0,0,18926000,1.532604,64918,20533.035,6.872000217,63.54771,17.249001,7.60624980926514,1.45184441261482,115,NA,0,0,0,0
"Australia",2000,0,0,0,19153000,1.57874,60246,21679.248,6.282999992,66.38031,18.253,7.60624980926514,1.5412741502214,115,NA,0,1,0,0
"Australia",2001,0,0,0,19413000,1.6683968,57895,19490.861,6.742000103,69.305779,17.548,7.60624980926514,1.59389488672899,117,NA,1,0,0,0
"Australia",2002,0,0,0,19651400,1.7580537,59436,20082.482,6.368000031,71.372177,17.356001,7.60624980926514,1.63191669996005,117,NA,2,0,4,0
"Australia",2003,0,0,0,19895400,1.8477105,56258,23447.031,5.928999901,73.322487,17.563999,7.60624980926514,1.63767262574634,1117,NA,0,0,1,0
"Australia",2004,0,1,1,20127400,1.9373673,63476,30430.676,5.394999981,75.040627,17.257999,7.60624980926514,1.60640349707439,967,NA,0,0,0,0
"Australia",2005,0,1,1,20394800,2.027024,64964,33999.242,5.032000065,77.0606,16.709,7.60624980926514,1.63875033870919,980,NA,2,1,1,0
"Australia",2006,0,0,0,20697900,2.1166809,68948,36044.922,4.782000065,79.800323,15.736,7.60624980926514,1.69493085267437,1911,NA,1,0,0,0
"Australia",2007,0,0,0,20827600,2.2063377,22164,40960.055,4.376999855,81.657768,15.895,3.88330006599426,1.67551025088485,1801,NA,0,0,0,0
"Australia",2008,0,0,0,21249200,2.2959945,20919,49601.656,4.234000206,85.210121,17.089001,3.88330006599426,1.67052204309821,2653,NA,1,0,0,0
"Australia",2009,0,1,1,21691700,2.3856514,22548,42772.359,5.56099987,86.719292,16.933001,3.88330006599426,1.71286593796087,1942,NA,0,1,0,0
"Australia",2010,0,0,0,22031750,2.4753082,21805,52022.125,5.210999966,89.250061,16.594,3.88330006599426,1.67257038221911,1905,NA,0,0,0,0
"Australia",2011,0,0,0,22340024,2.564965,23434,62517.832,5.080999851,92.198753,17.052,3.88330006599426,1.67413825528958,2060,NA,1,0,0,0
"Australia",2012,0,0,0,22733465,2.6546218,30083,68012.148,5.223999977,93.824013,17.292999,3.88330006599426,1.66307905906827,2059,NA,1,0,0,0
"Australia",2013,0,0,0,23128129,2.7442787,34503,68150.109,5.662000179,96.122589,17.636,5.34321248531342,1.64469856680826,2005,NA,0,1,0,1
"Australia",2014,1,1,2,23475686,2.8339355,35582,62510.793,6.077000141,98.514053,18.266001,5.34321248531342,1.69118448160502,1486,NA,0,0,1,0
"Australia",2015,1,3,4,23815995,2.9235923,36917,56755.723,6.053999901,100,18.535,6.80312490463257,1.76297664739383,1228,NA,1,0,0,0
"Australia",2016,1,4,5,24190907,2.9452167,42188,49971.133,5.710000038,101.277,17.808001,7.07083320617676,NA,1575,NA,0,0,0,0
"Austria",1993,0,0,0,7905633,3.2620001,57687,24081.527,4.25,66.143417,25.471001,5.10129976272583,NA,464,0,0,1,0,0
"Austria",1994,0,0,0,7936118,3.3937924,40703,25646.701,3.535000086,68.096909,26.323999,5.10129976272583,NA,472,0,0,0,1,0
"Austria",1995,0,0,0,7948278,3.5252221,34385,30325.85,4.347000122,69.624573,26.275999,5.10129976272583,1.49817605299851,468,1,0,1,0,0
"Austria",1996,0,0,0,7959017,3.6566517,89116,29809.076,5.281000137,70.920273,26.399,5.10129976272583,1.49538558157493,497,0,0,0,0,0
"Austria",1997,0,0,0,7968041,3.7880814,84394,26705.479,5.149000168,71.846474,25.854,5.10129976272583,1.49688094387267,823,0,0,0,3,0
"Austria",1998,0,0,0,7976789,3.9195111,80300,27361.875,5.522999763,72.509232,25.632,5.10129976272583,1.48324944342049,653,0,1,0,0,0
"Austria",1999,0,0,0,7992324,4.0509405,82081,27174.297,4.697999954,72.921799,25.954,5.10129976272583,1.49699843875843,628,0,4,0,0,4
"Austria",2000,0,0,0,8011566,4.1823702,15492,24564.459,4.686999798,74.631721,25.688,7.41134977340698,1.41770979981506,903,0,2,0,0,0
"Austria",2001,0,0,0,8042293,4.3761134,14390,24537.514,4.006999969,76.609459,25.750999,7.41134977340698,1.42826385098693,913,0,1,0,1,0
"Austria",2002,0,0,0,8081957,4.5698562,14130,26401.746,4.848999977,77.996368,26.047001,7.41134977340698,1.42740946907146,923,0,0,0,0,0
"Austria",2003,0,0,0,8121423,4.7635994,16109,32222.896,4.778999805,79.05365,26.584999,7.41134977340698,1.42837266541552,382,0,2,1,0,0
"Austria",2004,0,0,0,8171966,4.9573426,17795,36821.52,5.834000111,80.683113,26.329,7.41134977340698,1.44421915800014,372,0,1,0,0,2
"Austria",2005,0,0,0,8227829,5.1510854,21230,38403.133,5.627999783,82.538116,25.952,7.65164995193481,1.37033536904433,673,0,0,0,0,0
"Austria",2006,0,0,0,8268641,5.3448286,25486,40635.281,5.243000031,83.727951,25.665001,7.65164995193481,1.35847193936177,669,0,1,0,0,0
"Austria",2007,0,1,1,8295487,5.5385718,30773,46855.773,4.857999802,85.54364,25.086,5.10129976272583,1.29835775641329,664,0,0,0,0,0
"Austria",2008,0,0,0,8321496,5.7323146,37557,51708.766,4.127999783,88.294678,25.514999,5.10129976272583,1.32934525105723,724,0,0,0,0,3
"Austria",2009,0,0,0,8343323,5.9260578,38906,47963.18,5.301000118,88.741722,27.466,5.10129976272583,1.40184823139185,662,0,1,0,0,1
"Austria",2010,0,0,0,8363404,6.119801,42630,46858.043,4.820000172,90.351082,27.562,5.10129976272583,1.36169508379683,509,0,2,0,0,0
"Austria",2011,0,0,0,8391643,6.3135438,47073,51374.957,4.56400013,93.320549,26.743,5.10129976272583,1.32275424012731,685,0,1,2,0,0
"Austria",2012,0,0,0,8429991,6.507287,51730,48567.695,4.864999771,95.64019,27.108999,5.10129976272583,1.33772456713421,737,0,2,1,0,2
"Austria",2013,0,0,0,8479823,6.7010298,55598,50716.707,5.335000038,97.553146,27.513,5.10129976272583,1.32127361225426,849,0,0,0,8,0
"Austria",2014,0,1,1,8546356,6.894773,60747,51717.496,5.619999886,99.119659,27.735001,5.10129976272583,1.32956393572345,493,0,0,1,0,0
"Austria",2015,0,0,0,8642699,7.0885162,72216,44178.047,5.72300005,100.0083,27.701,5.10129976272583,1.34328589284613,496,0,2,0,0,0
"Austria",2016,0,0,0,8736668,7.1510782,93250,45237.805,6.013999939,100.9,27.837,5.10129976272583,1.34545309314693,517,0,2,1,0,0
"Belgium",1993,0,0,0,10084475,4.0250001,24908,22283.936,8.07699966430664,66.143417,25.243999,4.36017513275146,NA,1040,0,0,1,0,0
"Belgium",1994,0,0,0,10115603,4.1459041,19497,24208.555,9.647000313,68.096909,24.65,4.36017513275146,NA,422,0,2,0,0,0
"Belgium",1995,1,0,1,10136811,4.2667403,31691,28413.826,9.338999748,69.624573,25.169001,4.36017513275146,1.43214066666635,94,0,0,0,0,0
"Belgium",1996,0,0,0,10156637,4.3875771,36060,27489.555,9.482999802,70.920273,25.737,4.36017513275146,1.47419046690165,420,0,0,1,0,2
"Belgium",1997,0,0,0,10181245,4.5084138,36060,24820.938,8.956000328,71.846474,24.723,4.36017513275146,1.48887892316651,123,0,0,0,0,0
"Belgium",1998,0,0,0,10203008,4.6292505,15509,25338.443,9.322999954,72.509232,24.73,4.36017513275146,1.47839558978918,550,0,0,0,0,0
"Belgium",1999,0,0,0,10226419,4.7500873,16760,25244.275,8.649000168,72.921799,24.535999,4.20903348922729,1.51571803773386,1650,0,0,0,3,0
"Belgium",2000,0,0,0,10251250,4.870924,18832,23041.535,6.585999966,74.631721,23.485001,4.20903348922729,1.51117653574978,1450,0,0,0,0,0
"Belgium",2001,0,1,1,10286570,5.0387707,12265,22995.158,6.177000046,76.609459,23.989,4.20903348922729,1.68827498752529,1250,0,3,0,0,0
"Belgium",2002,0,1,1,10332785,5.2066178,12578,24887.561,6.90899992,77.996368,24.341,4.20903348922729,1.71601052346903,1250,1,1,0,0,0
"Belgium",2003,0,1,1,10376133,5.374465,12595,30587.668,7.679999828,79.05365,25.490999,4.96997499465942,1.74942976569718,169,0,1,0,0,2
"Belgium",2004,0,0,0,10421137,5.5423117,13529,35364.375,7.362999916,80.683113,25.250999,4.96997499465942,1.64476953517573,254,0,0,2,0,0
"Belgium",2005,0,0,0,10478617,5.7101588,15282,36795.977,8.43999958,82.538116,25.229,4.96997499465942,1.67247456437542,254,0,1,0,4,0
"Belgium",2006,0,0,0,10547958,5.878006,16820,38672.707,8.24600029,83.727951,25.108999,4.96997499465942,1.73755926083687,353,2,1,0,0,0
"Belgium",2007,0,0,0,10625700,6.0458527,17575,44262.895,7.458000183,85.54364,24.889999,5.31721758842468,1.67537350244704,681,0,1,0,1,0
"Belgium",2008,0,0,0,10709973,6.2136998,17026,48106.895,6.975999832,88.294678,26.257999,5.62112998962402,1.77922466709368,742,0,0,0,0,0
"Belgium",2009,0,0,0,10796493,6.381547,15545,44583.543,7.907999992,88.741722,28.552999,5.5777997970581,1.89423238995962,1051,0,1,0,4,0
"Belgium",2010,0,1,1,10895586,6.5493941,17892,44141.879,8.291999817,90.351082,28.284,5.22092485427856,1.85457348279631,759,0,0,0,0,0
"Belgium",2011,0,0,0,11038264,6.7172408,22402,47348.523,7.139999866,93.320549,28.732,5.18914985656738,1.85364278536619,651,0,0,0,0,0
"Belgium",2012,0,0,0,11106932,6.885088,22024,44673.117,7.541999817,95.64019,28.684999,5.18914985656738,1.86493315072168,676,0,1,0,0,0
"Belgium",2013,0,0,0,11159407,7.0529351,25629,46744.664,8.425000191,97.553146,29.212999,5.18914985656738,1.86929851354103,383,0,0,1,0,0
"Belgium",2014,1,0,1,11209057,7.2207818,29179,47700.539,8.522999763,99.119659,29.448,5.84369993209839,1.82651109804808,318,0,1,0,0,0
"Belgium",2015,1,2,3,11274196,7.388629,35314,40991.809,8.482000351,100.0083,29.188,5.84369993209839,1.71986463208427,341,0,0,0,2,0
"Belgium",2016,2,1,3,11331422,7.5976543,42168,42012.102,7.829999924,100.9,29.205999,5.84369993209839,1.69627631530947,166,0,0,0,0,0
"Canada",1993,0,0,0,28684764,1.785,183241,20121.162,11.3769998550415,67.606003,20.353001,5.88320016860962,NA,1286,NA,0,0,0,0
"Canada",1994,0,0,0,29000663,1.8540001,186563,19935.381,10.39500046,67.717934,19.257,5.88320016860962,NA,1048,NA,0,1,0,0
"Canada",1995,0,0,0,29302311,1.9230926,152125,20613.787,9.48900032,69.173027,18.354,5.88320016860962,NA,1067,NA,1,1,0,0
"Canada",1996,0,0,0,29610218,1.9921851,138435,21227.348,9.619999886,70.259407,17.551001,5.88320016860962,NA,1240,NA,0,0,0,0
"Canada",1997,0,0,0,29905948,2.0612776,125184,21829.234,9.100999832,71.398483,16.941999,5.05520009994507,NA,1202,NA,0,0,0,1
"Canada",1998,0,0,0,30155173,2.1303701,119371,20952.07,8.277999878,72.109558,17.034,5.05520009994507,NA,1171,NA,0,0,0,0
"Canada",1999,0,0,0,30401286,2.1994627,123316,22238.664,7.583000183,73.36055,16.047001,5.05520009994507,NA,2598,NA,1,0,0,0
"Canada",2000,0,0,0,30685730,2.2685552,126991,24190.25,6.828999996,75.355553,15.763,5.05520009994507,NA,2364,NA,0,2,2,0
"Canada",2001,0,0,0,31020902,2.3127701,129224,23738.182,7.218999863,77.258362,16.198,5.05520009994507,NA,2219,NA,0,0,0,0
"Canada",2002,0,0,0,31360079,2.3569851,129950,24169.285,7.664999962,79.003159,16.209,5.05520009994507,NA,2618,NA,0,0,0,1
"Canada",2003,0,0,0,31644028,2.4012001,133094,28200.658,7.573999882,81.18251,16.290001,5.05520009994507,NA,1819,NA,2,0,0,2
"Canada",2004,1,0,1,31940655,2.445415,141398,32034.309,7.184999943,82.690277,16.287001,5.05520009994507,NA,3391,NA,0,0,0,0
"Canada",2005,0,0,0,32243753,2.4896297,147171,36266.188,6.757999897,84.520683,16.138,5.05520009994507,NA,2691,NA,0,0,5,0
"Canada",2006,0,1,1,32571174,2.5338447,151827,40385.871,6.320000172,86.212799,16.292,8.66079998016357,NA,2711,NA,1,1,0,0
"Canada",2007,0,0,0,32889025,2.5780597,175741,44543.043,6.035999775,88.056358,16.198,8.66079998016357,NA,2618,NA,0,1,0,0
"Canada",2008,0,0,0,33247118,2.6222746,173651,46594.449,6.137000084,90.143532,16.278999,8.66079998016357,NA,2928,NA,0,0,0,0
"Canada",2009,0,0,0,33628895,2.6664894,169434,40773.063,8.343999863,90.413483,18.014999,8.66079998016357,NA,2564,NA,0,0,0,0
"Canada",2010,0,1,1,34004889,2.7107043,165549,47450.32,8.055999756,92.02002,17.528999,8.66079998016357,NA,2890,NA,2,0,1,0
"Canada",2011,0,0,0,34339328,2.7549193,164883,52101.797,7.511000156,94.69976,17.028,8.66079998016357,NA,2966,NA,0,1,0,0
"Canada",2012,0,0,0,34714222,2.7991343,163756,52542.348,7.291999817,96.135109,17.062,8.66079998016357,NA,566,NA,1,0,0,0
"Canada",2013,0,2,2,35082954,2.8433492,160349,52504.656,7.073999882,97.037132,16.784,8.66079998016357,NA,557,NA,0,1,0,0
"Canada",2014,2,0,2,35437435,2.8875639,149163,50835.512,6.914000034,98.887283,16.691,8.66079998016357,NA,979,NA,1,0,0,0
"Canada",2015,0,0,0,35702908,2.9317789,135888,43495.055,6.906000137,100,17.628,5.05520009994507,NA,630,NA,1,0,0,0
"Canada",2016,0,1,1,36109487,3.0762119,97332,42279.902,6.999000072,101.4288,17.436001,5.05520009994507,NA,674,NA,1,0,0,0
"Denmark",1993,0,0,0,5188628,2.4149883,44564,27597.975,10.7189998626709,65.324532,23.791,4.98344993591309,NA,186,0,1,0,0,0
"Denmark",1994,0,0,0,5206180,2.5094075,49558,29995.58,8.036000252,66.625801,25.424,4.74520015716553,NA,362,0,0,0,0,0
"Denmark",1995,0,0,0,5233373,2.6038268,64844,35351.367,6.992000103,68.014023,25.513,4.74520015716553,0.942804099472382,329,0,0,0,0,0
"Denmark",1996,0,0,0,5263074,2.698246,66373,35650.715,6.843999863,69.460213,24.945999,4.3373498916626,0.924887952370471,841,0,1,1,2,0
"Denmark",1997,0,0,0,5284991,2.792665,68122,32835.941,5.400000095,70.975937,24.156,4.3373498916626,0.900858148310812,718,0,0,0,0,0
"Denmark",1998,0,0,0,5304219,2.8870842,69015,33368.141,5.039000034,72.285912,23.740999,4.3373498916626,0.912825765074341,601,0,1,0,5,0
"Denmark",1999,0,0,0,5321799,2.9815035,69006,33440.793,5.140999794,74.091461,24.547001,4.3373498916626,0.922336580171543,1480,0,1,0,2,1
"Denmark",2000,0,0,0,5339616,3.0759227,71035,30743.547,4.475999832,76.242554,23.764999,4.3373498916626,0.902697728061901,1325,0,0,1,2,0
"Denmark",2001,0,0,0,5358783,3.2213914,73284,30751.654,4.164000034,78.025002,24.290001,7.25530004501343,0.920799021867477,1247,0,0,0,0,0
"Denmark",2002,0,0,0,5375931,3.3668604,73597,33228.695,4.274000168,79.916656,24.804001,7.25530004501343,0.929892180221327,1130,0,0,0,2,0
"Denmark",2003,0,0,0,5390574,3.5123291,69858,40458.777,5.397999763,81.574997,25.327999,7.25530004501343,0.94038547689021,1040,0,1,0,0,0
"Denmark",2004,0,0,0,5404523,3.6577978,65310,46511.598,5.203999996,82.51667,25.118999,7.25530004501343,0.942031373345926,598,0,1,0,0,0
"Denmark",2005,0,1,1,5419432,3.8032668,44374,48799.824,4.829999924,84.01667,25.195,7.25530004501343,0.938092591428576,774,0,0,0,1,0
"Denmark",2006,0,1,1,5437272,3.9487355,36659,52027,3.897000074,85.633331,24.961,7.25530004501343,0.908182927731822,707,0,1,0,0,0
"Denmark",2007,0,1,1,5461438,4.0942044,26788,58487.055,3.801000118,87.083344,24.982,7.25530004501343,0.914112373111311,996,0,1,0,0,0
"Denmark",2008,0,1,1,5493621,4.2396731,23401,64322.063,3.434000015,90.058327,25.371,7.25530004501343,0.96904199641165,980,0,1,0,0,2
"Denmark",2009,0,1,1,5523095,4.3851418,20355,58163.277,6.006999969,91.23333,28.250999,7.25530004501343,1.07453360835548,800,0,1,1,0,4
"Denmark",2010,0,4,4,5547683,4.5306106,17922,58041.398,7.464000225,93.341667,28.591999,7.25530004501343,1.03979975707461,731,0,2,0,0,0
"Denmark",2011,0,0,0,5570572,4.6760793,13399,61753.648,7.572999954,95.916656,28.634001,3.6031334400177,1.06077708932094,925,0,0,0,0,0
"Denmark",2012,0,1,1,5591572,4.821548,11814,58507.508,7.526000023,98.216667,28.747,3.6031334400177,1.0192072309799,925,0,0,0,0,0
"Denmark",2013,0,0,0,5614932,4.9670172,13170,61191.195,6.997000217,98.991669,28.775999,3.6031334400177,1.01421116876908,764,0,0,0,0,0
"Denmark",2014,0,0,0,5643475,5.1124859,17785,62548.984,6.589000225,99.550003,28.823,4.3373498916626,1.01157652649032,317,0,1,1,0,0
"Denmark",2015,1,0,1,5683483,5.2579546,27326,53254.855,6.168000221,100,28.99,7.29199981689453,0.979052679067951,285,0,0,0,0,0
"Denmark",2016,0,0,0,5728010,5.310421,33507,54664,6.181000233,100.25,28.749001,6.83686685562134,0.980544616132624,160,0,1,0,0,0
"Finland",1993,0,0,0,5066447,0.27279776,8511,17608.813,16.201000213623,72.15226,32.264,6.65670013427734,1.446772763,902,0,0,0,0,0
"Finland",1994,0,0,0,5088333,0.2837913,9511,20301.334,16.4260006,72.937683,31.566999,6.47946643829346,1.41158580259838,534,0,3,0,0,0
"Finland",1995,0,0,0,5107790,0.29478484,10191,26271.6,17.00499916,73.514793,28.902,4.60519981384277,1.39321555774285,522,0,0,0,0,0
"Finland",1996,0,0,0,5124573,0.30577838,11382,25783.451,15.57199955,73.977348,28.738001,4.60519981384277,1.42726996659581,940,0,2,0,0,0
"Finland",1997,0,0,0,5139835,0.31677189,12017,24691.873,14.96700001,74.859573,26.624001,4.60519981384277,1.32302110877472,1194,0,0,0,0,0
"Finland",1998,0,0,0,5153498,0.32776543,12290,26009.27,13.21399975,75.907204,24.527,4.60519981384277,1.30484585885751,490,0,2,0,0,0
"Finland",1999,0,0,0,5165474,0.33875898,12869,26177.348,11.69299984,76.789429,23.841999,4.60519981384277,1.30873963881622,494,0,1,0,0,0
"Finland",2000,0,0,0,5176209,0.34975252,13276,24285.467,11.13399982,79.125427,22.613001,4.60519981384277,1.28845956523651,1904,0,2,0,0,0
"Finland",2001,0,0,0,5188008,0.46403596,12728,24946.189,10.28999996,81.165627,22.438999,4.60519981384277,1.28121802140664,1452,0,0,0,0,0
"Finland",2002,0,0,0,5200598,0.57831937,12490,26869.676,10.42300034,82.440933,23.16,4.8448748588562,1.24725563352774,972,0,0,1,1,0
"Finland",2003,0,0,0,5213014,0.69260281,10843,32855.133,10.46899986,83.164299,23.889,5.2509331703186,1.29753738080646,66,0,2,0,0,0
"Finland",2004,0,0,0,5228172,0.80688626,11325,37702.844,10.3579998,83.319923,24.009001,5.2509331703186,1.250960581514,230,0,0,0,0,1
"Finland",2005,0,0,0,5246096,0.9211697,11809,39040.289,8.383999825,83.839729,23.974001,5.2509331703186,1.27818224875066,283,0,0,0,0,0
"Finland",2006,0,0,0,5266268,1.0354531,11827,41188.094,7.718999863,85.153214,23.716999,5.2509331703186,1.22674193305841,280,0,1,0,2,0
"Finland",2007,0,0,0,5288720,1.1497365,6204,48414.844,6.854000092,87.29113,22.816,5.77122497558594,1.1802942182689,352,0,0,0,0,0
"Finland",2008,0,0,0,5313399,1.26402,6617,53554.039,6.368999958,90.84034,23.283001,5.77122497558594,1.24314724731681,415,0,0,0,0,0
"Finland",2009,0,0,0,5338871,1.3783034,7447,47293.992,8.248999596,90.84034,26.870001,5.77122497558594,1.3942458472492,195,0,1,0,0,0
"Finland",2010,0,0,0,5363352,1.4925869,8724,46459.973,8.394000053,91.916023,27.341,5.77122497558594,1.45102395518303,244,0,1,0,0,0
"Finland",2011,0,0,0,5388272,1.6068703,9175,51081.996,7.781000137,95.05661,27.086,5.03573322296143,1.33789230194244,155,0,0,0,0,0
"Finland",2012,0,0,0,5413971,1.7211537,9919,47710.789,7.68900013,97.726112,28.346001,5.03573322296143,1.35994866616593,205,0,1,0,0,0
"Finland",2013,0,0,0,5438972,1.8354372,11252,49878.043,8.19299984,99.170792,29.422001,5.03573322296143,1.34787907263571,323,0,0,0,0,0
"Finland",2014,0,0,0,5461512,1.9497206,11798,50260.301,8.663000107,100.2034,30.191,5.7693133354187,1.28469721648936,311,0,2,0,0,0
"Finland",2015,0,0,0,5479531,2.0640039,12703,42811.215,9.376000404,99.995003,30.392,6.56029987335205,1.23944461527545,458,0,0,0,0,1
"Finland",2016,0,0,0,5495303,2.2605083,18401,43777.441,8.81799984,100.3517,29.816999,6.56029987335205,1.18656846789691,460,1,1,0,1,0
"France",1993,0,0,0,59106768,7.0067964,166269,22380.104,11.3210000991821,72.736656,27.024,6.8007001876831,NA,9640,0,0,0,0,0
"France",1994,2,0,2,59327192,7.1957402,195288,23496.523,12.59300041,73.940826,27.063999,6.8007001876831,NA,11873,0,0,0,4,0
"France",1995,9,1,10,59541899,7.3846836,155245,26890.221,11.83600044,75.269173,28.332001,6.8007001876831,1.48677677335047,10627,4,0,0,4,2
"France",1996,2,0,2,59753100,7.5736275,151329,26871.828,12.36699963,76.761673,28.624001,6.8007001876831,1.46933638699765,14282,0,1,0,0,0
"France",1997,0,0,0,59964851,7.7625713,146558,24228.941,12.56599998,77.685837,28.492001,1.97446668148041,1.42855264287654,9028,0,0,1,0,0
"France",1998,0,2,2,60186288,7.9515152,140215,24974.271,12.07499981,78.191673,28.709,1.97446668148041,1.41038955659311,7334,0,0,1,0,0
"France",1999,0,0,0,60496718,8.1404591,129722,24673.199,11.98099995,78.611656,28.681,1.97446668148041,1.40856631589316,12234,0,0,0,0,0
"France",2000,0,1,1,60912500,8.3294029,132508,22364.029,10.21700001,79.929169,27.58,1.97446668148041,1.35683778747925,14079,0,0,0,0,0
"France",2001,0,3,3,61357430,8.3556089,131601,22433.557,8.609999657,81.235832,27.576,1.97446668148041,1.44643089325185,13169,0,0,0,0,0
"France",2002,0,1,1,61805267,8.3818159,132182,24177.336,8.701999664,82.798332,28.295,6.8007001876831,1.5272425431202,10822,2,1,1,0,0
"France",2003,0,1,1,62244886,8.4080219,130838,29568.387,8.305999756,84.535843,28.669001,6.8007001876831,1.55936286155473,6920,0,0,1,0,0
"France",2004,1,0,1,62704895,8.4342289,139852,33741.266,8.913999557,86.346657,28.749001,6.8007001876831,1.52832802920625,10606,0,1,0,0,0
"France",2005,0,2,2,63179351,8.4604349,137316,34760.188,8.493000031,87.854156,28.726,6.8007001876831,1.5073291032077,6828,0,2,1,0,0
"France",2006,0,0,0,63621381,8.4866419,145996,36443.625,8.447999954,89.325844,28.275,6.8007001876831,1.47639451538321,7464,0,0,0,0,1
"France",2007,0,1,1,64016225,8.5128489,151789,41508.434,7.657000065,90.654999,28.065001,6.74984979629517,1.45944080438456,8729,0,1,0,5,1
"France",2008,0,1,1,64374984,8.5390549,171206,45334.113,7.063000202,93.205002,28.327,6.74984979629517,1.5385619209187,10482,0,0,0,0,0
"France",2009,0,0,0,64707040,8.5652618,196364,41575.418,8.736000061,93.286667,31.018,6.74984979629517,1.66213769519247,10332,0,0,0,3,0
"France",2010,0,4,4,65027507,8.5914679,200687,40638.336,8.87100029,94.714996,31.035999,6.74984979629517,1.6828639861193,8880,1,3,0,0,0
"France",2011,0,0,0,65342780,8.6176748,210207,43790.73,8.81099987,96.714996,30.816999,6.74984979629517,1.63712142963677,8460,0,0,0,1,0
"France",2012,4,1,5,65659809,8.6438808,217865,40874.703,9.399999619,98.605003,31.358,3.49519991874695,1.62528413388714,8167,0,0,0,0,1
"France",2013,1,2,3,65998687,8.6700878,232487,42592.934,9.920999527,99.456673,31.875999,3.49519991874695,1.6316918328973,6833,2,4,1,0,0
"France",2014,2,1,3,66312067,8.6962948,252264,43008.648,10.29199982,99.96167,32.213001,3.66529989242554,1.63269008473019,8139,0,0,0,0,0
"France",2015,6,6,12,66548272,8.7225008,273126,36613.375,10.35900021,99.999168,31.982,3.66529989242554,1.62247456368903,7127,0,2,0,0,0
"France",2016,6,3,9,66721256,8.8647594,304546,36962.223,10.05700016,100.1825,31.969,3.49519991874695,1.62922552815885,7262,0,1,0,5,0
"Germany",1993,0,0,0,81156363,3.6279941,1418000,25522.629,7.67500019073486,71.881538,24.771999,6.08680009841919,NA,1867,7,1,1,0,0
"Germany",1994,0,0,0,81438348,3.7608323,1354600,27076.607,8.727999687,73.817337,24.912001,6.08680009841919,NA,44,1,0,0,0,0
"Germany",1995,0,0,0,81678051,3.8936706,1267900,31658.35,8.157999992,75.07679,25.211,6.08680009841919,1.57752782894633,44,2,0,1,0,0
"Germany",1996,0,0,0,81914831,4.0265088,1266000,30485.867,8.824999809,76.165199,25.806,6.08680009841919,1.59999583632597,4049,3,0,0,0,0
"Germany",1997,0,0,0,82034771,4.1593471,1049000,26964.049,9.862999916,77.642319,25.381001,6.08680009841919,1.60507865283125,2577,5,1,0,0,0
"Germany",1998,0,0,0,82047195,4.2921848,949200,27289.059,9.788000107,78.349777,25.351999,3.28795003890991,1.61401296651145,2613,1,0,0,8,0
"Germany",1999,0,0,0,82100243,4.4250231,975500,26725.916,8.854999542,78.808472,25.612,3.28795003890991,1.62744964748383,7153,5,1,0,0,0
"Germany",2000,0,0,0,82211508,4.5578613,906000,23635.93,7.916999817,79.943527,25.386999,3.28795003890991,1.57736274886325,7683,9,1,0,0,0
"Germany",2001,0,0,0,82349925,4.682085,903000,23607.883,7.772999763,81.529488,25.408001,3.28795003890991,1.59587395398934,7011,4,1,0,0,0
"Germany",2002,0,1,1,82488495,4.8063092,980000,25077.729,8.482000351,82.687866,26.042,3.28795003890991,1.62174949502302,7647,2,0,0,0,0
"Germany",2003,0,0,0,82534176,4.9305329,960395,30243.576,9.779000282,83.543053,26.533001,3.28795003890991,1.61681520367883,3549,3,0,0,3,0
"Germany",2004,0,0,0,82516260,5.0547566,876622,34044.055,10.72700024,84.934647,25.934999,3.28795003890991,1.58283683680144,3291,1,0,0,0,0
"Germany",2005,0,0,0,82469422,5.1789804,700016,34507.367,11.16699982,86.248512,26.237,4.94770002365112,1.58833374848687,3082,4,0,0,0,0
"Germany",2006,1,0,1,82376451,5.3032045,605406,36323.449,10.25,87.609016,25.016001,4.94770002365112,1.53986449091854,3956,2,1,0,0,0
"Germany",2007,1,1,2,82266372,5.4274282,578879,41587.215,8.657999992,89.622566,24.073999,4.94770002365112,1.47754595827249,4960,2,0,0,0,0
"Germany",2008,0,0,0,82110097,5.551652,582735,45427.152,7.524000168,91.978203,24.202999,4.94770002365112,1.48643819531983,4780,4,0,0,7,0
"Germany",2009,0,0,0,81902307,5.6758757,593799,41485.902,7.742000103,92.265846,26.643999,6.08680009841919,1.61694054535865,3956,1,0,0,0,1
"Germany",2010,0,0,0,81776930,5.8000998,594269,41531.934,6.96600008,93.284286,25.896999,6.08680009841919,1.56773514272344,5069,1,0,0,0,0
"Germany",2011,1,1,2,80274983,5.9243236,571684,46644.777,5.823999882,95.2201,24.662001,6.08680009841919,1.52879460639451,4862,1,0,1,0,0
"Germany",2012,1,0,1,80425823,6.0485473,589737,43858.363,5.379000187,97.132584,24.532,6.08680009841919,1.54208450047536,5505,1,1,0,1,0
"Germany",2013,0,0,0,80645605,6.1727715,187567,46285.766,5.230999947,98.594162,24.691,4.94770002365112,1.57440375620254,4793,0,0,2,0,0
"Germany",2014,0,0,0,80982500,6.2969952,216973,47959.992,4.980999947,99.488213,24.707001,4.94770002365112,1.55908083199257,2005,0,2,0,0,0
"Germany",2015,1,3,4,81686611,6.4212189,316115,41139.543,4.624000072,100,24.862,4.94770002365112,1.53953539027151,2105,0,1,0,0,0
"Germany",2016,5,9,14,82348669,6.4575396,669482,42098.922,4.122000217,100.4917,25.061001,4.94770002365112,1.54819565425481,1318,3,0,0,0,0
"Greece",1993,0,0,0,10460415,3.8893404,7873,10401.983,8.61299991607666,46.8391,16.233,4.4967999458313,NA,82,0,1,0,0,0
"Greece",1994,0,0,0,10512922,3.9931729,7784,11091.284,8.862999916,51.932419,16.259001,4.4967999458313,NA,0,0,0,0,0,0
"Greece",1995,0,0,0,10562153,4.0970054,4428,12959.324,9.062000275,56.57233,16.6,4.4967999458313,0.931620943858559,0,0,1,0,0,0
"Greece",1996,0,0,0,10608800,4.2008381,5780,13749.115,9.654999733,61.208179,17.011,4.4967999458313,0.901620986347989,1000,0,1,0,4,0
"Greece",1997,0,0,0,10661259,4.3046708,5520,13427.832,9.576999664,64.596657,16.912001,4.4967999458313,0.921436551016487,817,0,0,0,5,0
"Greece",1998,0,0,0,10720509,4.4085035,6145,13472.138,10.83899975,67.675484,17.461,4.4967999458313,0.904500157102544,250,0,0,0,0,0
"Greece",1999,0,0,0,10761698,4.5123358,6283,13245.189,11.85299969,69.459839,17.973,4.4967999458313,1.00083169798016,800,2,0,1,1,0
"Greece",2000,0,0,0,10805808,4.6161685,6653,12042.954,11.24800014,71.648643,17.768,4.4967999458313,1.05984344644289,680,0,0,0,0,0
"Greece",2001,0,0,0,10862132,4.6967688,6948,12538.179,10.45600033,74.066048,18.636999,4.4967999458313,1.4902048839385,1951,0,0,0,0,0
"Greece",2002,0,0,0,10902022,4.777369,2788,14110.313,9.975000381,76.754173,18.358999,4.4967999458313,1.50494830432643,1980,0,2,1,0,0
"Greece",2003,0,0,0,10928070,4.8579688,2771,18477.578,9.411999702,79.464104,18.181,4.4967999458313,1.49129629313336,280,0,1,0,0,0
"Greece",2004,0,0,0,10955141,4.9385691,2489,21955.104,10.31099987,81.767639,18.395,6.73649978637695,1.58376323820364,377,0,2,0,0,0
"Greece",2005,0,0,0,10987314,5.0191693,2390,22551.736,9.994000435,84.666359,19.875,6.73649978637695,1.54384877972931,377,0,1,0,0,0
"Greece",2006,0,0,0,11020362,5.0997696,2289,24801.158,9.008000374,87.372253,20.004,6.73649978637695,1.4288890077729,312,0,2,1,0,0
"Greece",2007,0,0,0,11048473,5.1803694,2228,28827.326,8.395999908,89.90168,20.417,6.73649978637695,1.4946630088014,549,0,1,0,0,0
"Greece",2008,0,0,0,11077841,5.2609696,2164,31997.281,7.760000229,93.635109,21.274,6.73649978637695,1.58642663515496,412,0,2,0,0,0
"Greece",2009,0,0,0,11107017,5.3415699,1695,29710.971,9.616000175,94.768173,23.973,4.4967999458313,1.78374328024232,389,0,0,0,0,0
"Greece",2010,0,0,0,11121341,5.4221702,1444,26917.76,12.7130003,99.234573,24.851,4.4967999458313,1.78559224829434,235,0,1,0,0,0
"Greece",2011,0,0,0,11104899,5.5027699,1573,25916.293,17.86499977,102.539,26.037001,5.08582496643066,1.73260850214861,189,0,1,1,0,0
"Greece",2012,0,0,0,11045011,5.5833702,2100,22242.682,24.43899918,104.0786,26.878,2.42221665382385,1.85090359199305,230,2,1,0,0,0
"Greece",2013,0,0,0,10965211,5.6639705,3485,21874.82,27.4659996,103.1188,25.089001,5.61665010452271,1.86654867512812,88,2,1,1,2,0
"Greece",2014,0,0,0,10892413,5.7445707,10304,21760.98,26.49099922,101.7667,25.173,5.61665010452271,2.10627681230568,62,0,0,0,6,0
"Greece",2015,0,0,0,10820883,5.8251705,24838,18167.773,24.89699936,100,25.424999,5.84735012054443,2.08396381695144,64,0,0,1,0,0
"Greece",2016,0,0,0,10775971,5.858057,46427,18116.459,23.53899956,99.174339,25.739,5.84735012054443,2.14858865515696,58,0,1,0,0,0
"Iceland",1993,0,0,0,263725,0.10744023,160,23615.238,5.25699996948242,39.163479,14.861,5.96490001678467,NA,0,0,0,0,0,0
"Iceland",1994,0,0,0,266021,0.11211154,160,24054.734,5.32600021362305,39.771549,14.769,5.96490001678467,NA,0,0,0,1,0,0
"Iceland",1995,0,0,0,267468,0.11678285,197,26673.625,5.19600009918213,40.428268,15.053,6.26095008850098,NA,0,0,0,0,0,0
"Iceland",1996,0,0,0,268916,0.12145417,232,27659.877,3.59999990463257,41.342121,14.741,6.26095008850098,NA,0,0,0,0,0,0
"Iceland",1997,0,0,0,271128,0.12612548,260,27960.922,3.72000002861023,42.092659,14.147,6.26095008850098,NA,0,0,0,1,0,0
"Iceland",1998,0,0,0,274047,0.13079681,294,30995.029,3.06900000572205,42.79108,14.254,6.26095008850098,NA,0,0,0,0,2,0
"Iceland",1999,0,0,0,277381,0.13546811,254,32343.992,2.17799997329712,44.174011,14.528,6.26095008850098,NA,0,0,2,0,0,0
"Iceland",2000,0,0,0,281205,0.14013943,244,32018.064,1.93599998950958,46.443001,14.628,6.26095008850098,NA,0,0,0,1,0,0
"Iceland",2001,0,0,0,284968,0.14244479,213,28793.961,1.87399995326996,49.417709,14.674,6.26095008850098,NA,0,0,1,1,0,0
"Iceland",2002,0,0,0,287523,0.14475015,207,32326.639,2.98799991607666,51.985958,16.054001,6.26095008850098,NA,0,0,1,0,0,0
"Iceland",2003,0,0,0,289521,0.14705551,239,39423.93,3.99699997901917,53.054619,17.131001,6.26095008850098,NA,0,0,0,0,0,0
"Iceland",2004,0,0,0,292074,0.14936087,239,47367.277,4.0310001373291,54.73019,16.756001,6.26095008850098,NA,0,0,2,1,0,0
"Iceland",2005,0,0,0,296734,0.15166622,293,56658.594,2.54699993133545,56.9123,15.948,6.26095008850098,NA,0,0,0,1,5,0
"Iceland",2006,0,0,0,303782,0.15397158,267,56673.602,2.82999992370605,60.718071,15.499,6.26095008850098,NA,20,0,1,0,1,0
"Iceland",2007,0,0,0,311566,0.15627694,49,69054.273,2.25099992752075,63.78529,14.622,5.78214979171753,NA,15,0,1,0,0,0
"Iceland",2008,0,0,0,317414,0.1585823,49,56409.773,2.94600009918213,71.882446,15.061,5.78214979171753,NA,11,0,1,0,0,0
"Iceland",2009,0,0,0,318499,0.16088767,62,41333.418,7.21999979019165,80.510582,17.285,2.63155007362366,NA,0,0,0,0,0,0
"Iceland",2010,0,0,0,318041,0.16319303,83,43024.922,7.56400012969971,84.855522,16.902,2.63155007362366,NA,0,0,1,1,0,0
"Iceland",2011,0,0,0,319014,0.16549839,58,47516.875,7.02799987792969,88.25061,17.028999,2.63155007362366,NA,0,0,0,0,0,0
"Iceland",2012,0,0,0,320716,0.16780375,60,45910.02,6,92.827202,16.667999,2.63155007362366,1.3656614879916,0,0,1,0,0,4
"Iceland",2013,0,0,0,323764,0.17010911,79,49522.238,5.37599992752075,96.421722,16.205999,6.26095008850098,1.36440026458996,0,0,0,0,0,0
"Iceland",2014,0,0,0,327386,0.17241447,99,54241.934,4.89699983596802,98.393181,16.334,6.26095008850098,1.44151956000475,0,0,0,1,1,0
"Iceland",2015,0,0,0,330815,0.17471983,179,52564.43,3.97900009155273,100,15.482,6.26095008850098,1.4868908333809,0,0,1,0,0,0
"Iceland",2016,0,0,0,335439,0.18173048,179,61466.805,2.9779999256134,101.6969,15.093,6.26095008850098,1.33316531969526,0,0,1,1,0,0
"Ireland",1993,0,0,0,3576261,0.4905861,119,14674.614,15.5869998931885,62.834,18.474001,4.84824991226196,NA,703,0,0,0,0,0
"Ireland",1994,0,0,0,3590386,0.51147377,400,15921.975,14.56999969,64.284958,18.077999,3.98376655578613,NA,93,0,0,0,0,0
"Ireland",1995,0,0,0,3608841,0.53236145,400,19181.4,11.9829998,65.908073,17.542,3.98376655578613,1.80066076111939,647,0,1,0,2,0
"Ireland",1996,0,0,0,3637510,0.55324912,69,20860.598,11.71700001,67.063919,16.570999,3.98376655578613,1.77779828649208,624,0,1,0,0,0
"Ireland",1997,0,0,0,3674171,0.57413679,430,22542.811,10.20300007,68.087051,15.514,7.041100025177,1.71039567170661,613,0,0,0,0,0
"Ireland",1998,0,0,0,3712696,0.59502453,600,24263.244,7.698999882,69.731697,14.561,7.041100025177,1.74014279480758,608,0,1,0,0,0
"Ireland",1999,0,0,0,3754786,0.6159122,2835,26284.342,5.803999901,70.869667,13.705,7.041100025177,1.55971384923613,658,0,0,0,0,1
"Ireland",2000,0,0,0,3805174,0.63679987,2543,26241.365,4.31799984,74.831787,13.193,7.041100025177,1.49701421173338,815,0,0,0,0,0
"Ireland",2001,0,0,0,3866243,0.67431349,3598,28227.727,3.683000088,78.478279,14.023,7.041100025177,1.52724719165371,706,0,0,0,0,0
"Ireland",2002,0,0,0,3931947,0.71182716,5380,32541.098,4.215000153,82.099854,14.911,7.041100025177,1.45100144682836,376,1,2,0,1,0
"Ireland",2003,0,0,0,3996521,0.74934083,5971,41106.926,4.478000164,84.96553,15.405,7.041100025177,1.42807760346711,272,0,1,0,0,0
"Ireland",2004,0,0,0,4070262,0.78685445,6542,47631.012,4.491000175,86.834457,15.682,7.041100025177,1.44017249398197,67,0,2,0,0,0
"Ireland",2005,0,0,0,4159914,0.82436812,7113,50878.223,4.342000008,88.944267,15.911,7.041100025177,1.38645146562049,66,0,0,0,0,0
"Ireland",2006,0,0,0,4273591,0.86188173,7917,54306.43,4.414999962,92.441231,15.889,7.041100025177,1.43027548639179,63,0,3,0,3,0
"Ireland",2007,0,0,0,4398942,0.89939541,9333,61359.742,4.980000019,96.968193,16.754999,5.50573348999023,1.50596305060053,110,0,0,1,0,0
"Ireland",2008,0,0,0,4489544,0.93690908,9730,61262.102,6.774000168,100.9054,19.785,5.50573348999023,1.74835518692668,598,1,1,0,0,0
"Ireland",2009,0,0,0,4535375,0.97442269,9571,52105.152,12.60900021,96.386742,23.737,5.50573348999023,1.73332773909703,502,0,1,0,0,0
"Ireland",2010,0,0,0,4560155,1.0119363,9107,48715.176,14.53299999,95.497963,24.568001,5.50573348999023,1.66251818318049,485,1,1,1,0,0
"Ireland",2011,0,0,0,4580084,1.04945,8248,51848.91,15.35299969,97.940033,23.672001,5.03119993209839,1.58188116691676,68,0,1,0,0,0
"Ireland",2012,0,0,0,4599533,1.0869637,6327,48917.898,15.45100021,99.601303,23.355,5.03119993209839,1.46858939907833,496,0,0,1,0,0
"Ireland",2013,0,0,0,4623816,1.1244773,6001,51590.188,13.73499966,100.108,22.187,5.03119993209839,1.42955696211255,400,0,0,0,0,0
"Ireland",2014,0,0,0,4657740,1.161991,5853,55492.984,11.85700035,100.2907,20.403999,5.03119993209839,1.34956073968973,380,0,1,1,2,0
"Ireland",2015,0,0,0,4701957,1.1995046,6125,61995.422,9.906000137,100,15.514,5.03119993209839,1.04720701919815,352,0,0,0,0,0
"Ireland",2016,0,0,0,4755335,1.2869365,5731,63197.082,8.373999596,100.0083,14.927,3.21860003471375,1.05070376444731,374,0,1,1,0,0
"Italy",1993,0,0,0,56831821,1.7823051,50276,18738.764,10.2399997711182,60.768471,22.072001,4.10078001022339,NA,2631,0,2,0,0,0
"Italy",1994,0,1,1,56843400,1.8563073,73060,19337.631,11.09300041,63.230709,22.054001,6.98808002471924,NA,124,0,0,0,0,0
"Italy",1995,0,0,0,56844303,1.9303094,74302,20664.553,11.66899967,66.541107,21.120001,NA,1.91460968312253,126,0,1,0,0,0
"Italy",1996,0,0,0,56860281,2.0043116,64711,23081.605,11.8739996,69.207397,21.517,2.02898740768433,2.00559781319467,2327,0,2,0,0,0
"Italy",1997,0,0,0,56890372,2.0783136,66620,21829.346,11.9989996,70.621384,22.219,2.02898740768433,1.97728344013447,4911,0,0,1,0,4
"Italy",1998,0,0,0,56906744,2.1523159,5473,22318.137,12.11900043,72.002083,22.378,3.92338562011719,2.00956029475541,2627,0,3,0,0,0
"Italy",1999,0,0,0,56916317,2.2263179,6024,21997.625,11.68999958,73.199806,22.809,3.80622863769531,1.98323702643791,6145,0,0,1,0,0
"Italy",2000,0,0,0,56942108,2.3003201,6849,20087.592,10.84200001,75.057388,22.677,3.40367770195007,1.97911757501674,8176,0,1,0,0,0
"Italy",2001,0,2,2,56974100,2.4557385,8571,20483.217,9.595000267,77.147873,22.934999,7.23509979248047,1.83255314933219,7139,0,2,0,0,0
"Italy",2002,0,3,3,57059007,2.6111569,10060,22270.145,9.206999779,79.049797,23.349001,7.23509979248047,1.89830261440973,7642,0,0,1,0,0
"Italy",2003,1,2,3,57313203,2.7665753,12841,27465.676,8.866000175,81.16246,23.679001,7.23509979248047,1.96688418642896,3411,2,1,1,0,0
"Italy",2004,0,1,1,57685327,2.9219937,15674,31259.717,7.866000175,82.953499,23.933001,7.23509979248047,1.8934545371919,5315,0,0,0,0,0
"Italy",2005,0,0,0,57969484,3.0774124,20675,32043.141,7.730999947,84.600372,24.173,6.5905499458313,1.9105734847054,6072,0,0,0,0,0
"Italy",2006,0,1,1,58143979,3.2328308,26875,33501.656,6.77699995,86.369232,24.299,3.10415720939636,1.82528762400762,5616,1,0,0,1,0
"Italy",2007,0,0,0,58438310,3.3882492,38068,37822.664,6.074999809,87.949562,24.138,3.10415720939636,1.80123130480188,3998,0,1,0,0,0
"Italy",2008,0,1,1,58826731,3.5436676,47061,40778.344,6.72300005,90.893967,25.084,7.47329998016357,1.75429019513593,5290,0,0,0,3,0
"Italy",2009,1,0,1,59095365,3.699086,54965,37079.758,7.749000072,91.598183,27.105,7.47329998016357,1.95066634399656,5294,0,2,0,0,1
"Italy",2010,0,0,0,59277417,3.8545043,56397,36000.52,8.362999916,92.995529,27.124001,7.47329998016357,1.92567471538456,5878,0,1,0,0,0
"Italy",2011,0,0,0,59379449,4.009923,58060,38599.063,8.359000206,95.581398,26.804001,NA,1.91847695092263,5448,1,1,0,1,0
"Italy",2012,0,1,1,59539717,4.1653414,64779,35053.527,10.65499973,98.488373,27.59,NA,1.8722465672145,6065,0,2,0,0,0
"Italy",2013,0,0,0,60233948,4.3207598,76264,35549.977,12.14900017,99.689934,28.167,5.19538998603821,1.89130214931465,5255,0,1,0,0,0
"Italy",2014,0,0,0,60789140,4.4761782,93715,35518.414,12.68299961,99.930229,28.364,5.22079992294312,1.85251912614778,4074,0,3,0,0,0
"Italy",2015,0,1,1,60730582,4.6315966,118047,30230.227,11.89599991,99.968987,28.481001,5.22079992294312,1.85180822240547,2707,0,1,0,0,0
"Italy",2016,0,1,1,60627498,4.8890681,147370,30936.125,11.68799973,99.875,28.301001,5.37693309783935,1.81272787357467,2143,1,0,0,0,0
"Luxembourg",1993,0,0,0,397475,1.4185921,225,41479.086,2.32999992370605,65.258217,19.284,4.86845016479492,NA,0,0,0,2,0,0
"Luxembourg",1994,0,0,0,402925,1.4738699,300,45481.891,3.48000001907349,66.690483,19.105,4.86845016479492,NA,0,0,0,0,0,0
"Luxembourg",1995,0,0,0,408625,1.5291477,700,52831.254,2.91799998283386,67.93605,19.882,4.86845016479492,0.740271927442069,0,0,1,0,0,0
"Luxembourg",1996,0,0,0,414225,1.5844256,700,52571.934,3.28600001335144,68.740318,19.729,4.86845016479492,0.752204140018625,0,0,0,0,0,0
"Luxembourg",1997,0,0,0,419450,1.6397034,700,47042.348,2.52699995040894,69.680351,19.863001,4.86845016479492,0.762990148734788,22,0,1,0,0,0
"Luxembourg",1998,0,0,0,424700,1.6949811,700,47584.465,2.76300001144409,70.348282,20.153999,4.86845016479492,0.743668888232885,25,0,0,1,0,2
"Luxembourg",1999,0,0,0,430475,1.7502589,700,51654.402,2.39000010490417,71.069489,19.499001,6.51315021514893,0.890533176193949,23,0,1,0,0,0
"Luxembourg",2000,0,0,0,436300,1.8055367,759,48735.996,2.34500002861023,73.308723,18.698999,6.51315021514893,0.891140283904027,23,0,0,0,0,0
"Luxembourg",2001,0,0,0,441525,1.8524987,1201,48179.422,1.80499994754791,75.261543,20.391001,6.51315021514893,0.949397120839336,23,0,2,0,2,10
"Luxembourg",2002,0,0,0,446175,1.8994606,1201,52930.641,2.62100005149841,76.822533,21.427999,6.51315021514893,1.00037015767984,23,0,1,0,20,0
"Luxembourg",2003,0,0,0,451630,1.9464223,1201,65445.887,3.67499995231628,78.39727,22.809,6.51315021514893,1.06251806662571,33,0,0,0,7,0
"Luxembourg",2004,0,0,0,458095,1.9933842,1590,75716.352,5.11299991607666,80.142143,23.077,4.86845016479492,1.07766003761662,32,0,0,0,0,0
"Luxembourg",2005,0,0,0,465158,2.0403461,1822,80289.695,4.48799991607666,82.135834,22.833,4.86845016479492,1.06496478310441,58,0,0,0,0,0
"Luxembourg",2006,0,0,0,472637,2.0873079,2206,89739.711,4.73099994659424,84.325844,21.396999,4.86845016479492,0.96745058815926,33,0,0,0,0,0
"Luxembourg",2007,0,0,0,479993,2.13427,2737,106018.49,4.06500005722046,86.275833,20.211,4.86845016479492,0.891931333794402,13,0,0,0,0,0
"Luxembourg",2008,0,0,0,488650,2.1812317,3109,114293.84,5.05999994277954,89.210831,21.937,4.86845016479492,0.939033110096597,12,0,2,1,0,0
"Luxembourg",2009,0,0,0,497783,2.2281935,3230,103198.67,5.12200021743774,89.539169,24.037001,4.86845016479492,1.02597548600913,13,0,2,1,0,0
"Luxembourg",2010,0,0,0,506953,2.2751555,3254,104965.3,4.36100006103516,91.574997,23.139,4.86845016479492,1.04388461970005,12,0,1,0,0,0
"Luxembourg",2011,0,0,0,518347,2.3221173,2855,115761.51,4.90100002288818,94.698334,21.190001,4.86845016479492,1.01664218443955,10,0,0,0,0,0
"Luxembourg",2012,0,0,0,530946,2.3690794,2910,106749.02,5.1399998664856,97.220001,22.889,4.86845016479492,1.0256597425264,15,0,0,0,0,0
"Luxembourg",2013,0,0,0,543360,2.4160411,920,113625.13,5.84800004959106,98.90583,23.08,4.49562501907349,1.01964405684699,15,0,3,1,12,0
"Luxembourg",2014,0,0,0,556319,2.4630029,1108,118823.65,5.85200023651123,99.527496,22.367001,4.49562501907349,0.992784554652684,12,0,0,0,0,0
"Luxembourg",2015,0,0,0,569604,2.5099649,1332,101376.5,6.66900014877319,100,22.097,4.49562501907349,0.999984481178128,3,0,0,0,0,0
"Luxembourg",2016,0,0,0,582014,2.670285,2046,104278.39,6.29099988937378,100.2908,22.184,4.49562501907349,0.980093164165942,2,0,0,1,0,0
"Netherlands",1993,0,0,0,15290368,4.4435859,43538,23122.41,6.28499984741211,64.436203,24.485001,4.77470016479492,NA,105,0,0,0,0,0
"Netherlands",1994,0,0,0,15382838,4.6167212,62163,24646.314,7.15899992,66.241386,23.136,5.15553331375122,NA,1698,0,0,0,0,0
"Netherlands",1995,0,0,0,15459006,4.7898569,79960,29258.135,7.157000065,67.515373,22.448999,5.15553331375122,1.40920718440769,1508,0,1,2,0,0
"Netherlands",1996,0,0,0,15530498,4.9629922,102588,29006.809,6.421000004,68.942497,22.541,5.15553331375122,1.42328618063112,2000,0,0,1,0,0
"Netherlands",1997,0,0,0,15610650,5.1361275,118071,26700.537,5.511000156,70.396667,20.5,5.15553331375122,1.39765774456301,988,0,1,0,0,0
"Netherlands",1998,0,0,0,15707209,5.3092632,131490,27885.809,4.394000053,71.775833,20.246,5.15553331375122,1.41112618724559,1220,0,2,0,0,0
"Netherlands",1999,0,0,0,15812088,5.4823985,138646,28263.098,3.622999907,73.324173,19.445999,5.15553331375122,1.4277915124005,1621,0,0,0,0,0
"Netherlands",2000,0,0,0,15925513,5.6555343,146180,26149.41,2.724999905,75.055,18.849001,5.15553331375122,1.48493275546618,2718,2,1,0,3,0
"Netherlands",2001,0,0,0,16046180,5.7353811,151928,26873.275,2.118999958,78.174156,18.905001,5.15553331375122,1.57175734258043,2557,0,1,0,1,0
"Netherlands",2002,0,0,0,16148929,5.8152285,148362,29204.039,2.553999901,80.744164,19.32,7.28223323822021,1.66760785972698,2603,0,1,0,0,0
"Netherlands",2003,0,0,0,16225302,5.8950753,140886,35672.207,3.592999935,82.433327,20.094,5.93079996109009,1.75055088629317,1680,0,0,0,0,0
"Netherlands",2004,1,1,2,16281779,5.9749222,126805,40362.395,4.645999908,83.474998,19.978001,5.93079996109009,1.74990458844557,2253,0,1,0,0,0
"Netherlands",2005,0,1,1,16319868,6.0547695,118189,41979.055,5.872000217,84.884163,20.228001,5.93079996109009,1.72395953405714,2253,0,2,0,0,0
"Netherlands",2006,0,0,0,16346101,6.1346164,100574,44863.352,5.001999855,85.819168,16.468,6.64289999008179,1.76615698336829,2209,0,1,1,0,0
"Netherlands",2007,0,0,0,16381696,6.2144637,86587,51733.441,4.152999878,87.20417,16.582001,5.24086666107178,1.81501041717137,2323,0,0,0,0,2
"Netherlands",2008,0,0,0,16445593,6.2943106,77600,57644.48,3.654000044,89.372498,15.734,5.24086666107178,1.83282395804684,1852,0,0,0,1,0
"Netherlands",2009,0,0,0,16530388,6.3741579,76008,52514.027,4.347000122,90.435837,17.361,5.24086666107178,2.0102681957999,1952,0,0,0,0,0
"Netherlands",2010,0,0,0,16615394,6.4540048,74961,50950.035,4.988999844,91.589157,17.782,6.34914994239807,1.94465782314096,2243,1,0,1,2,0
"Netherlands",2011,0,0,0,16693074,6.5338516,74598,54159.348,4.977000237,93.73333,17.747,6.34914994239807,1.90002752326023,466,0,0,0,0,0
"Netherlands",2012,0,0,0,16754962,6.613699,71909,50073.004,5.821000099,96.035004,18.214001,6.06145000457764,1.92184585414861,267,0,0,0,1,0
"Netherlands",2013,0,0,0,16804432,6.6935458,74707,52184.063,7.243000031,98.442497,18.452,6.06145000457764,1.96347108013621,505,0,4,0,0,0
"Netherlands",2014,0,0,0,16865008,6.7733932,82494,52830.176,7.415999889,99.403343,18.098,6.06145000457764,1.86848531776759,406,0,1,0,0,0
"Netherlands",2015,0,1,1,16939923,6.85324,88536,45175.23,6.872000217,100,17.729,6.06145000457764,1.90620978307498,584,0,0,0,0,1
"Netherlands",2016,0,1,1,17030314,6.9376669,101744,46007.852,6.006000042,100.3167,17.487,6.06145000457764,1.90347249967177,754,0,0,0,0,0
"New Zealand",1993,0,0,0,3572200,0.82898402,3942,13094.346,9.80399990081787,62.899189,18.886999,6.71929979324341,NA,47,NA,1,0,0,0
"New Zealand",1994,0,0,0,3620000,0.86348414,3668,15280.313,8.354000092,63.997009,18.193001,6.71929979324341,NA,325,NA,1,0,0,0
"New Zealand",1995,0,0,0,3673400,0.89798427,3758,17400.42,6.460999966,66.400063,17.694,6.71929979324341,NA,283,NA,0,1,0,0
"New Zealand",1996,0,0,0,3732000,0.93248439,3788,18794.436,6.289999962,67.917778,17.639999,6.39982485771179,NA,25,NA,3,0,1,0
"New Zealand",1997,0,0,0,3781300,0.96698451,3646,17474.188,6.856999874,68.72406,18.580999,6.37904977798462,NA,25,NA,0,0,1,0
"New Zealand",1998,0,0,0,3815000,1.0014846,4097,14738.445,7.717999935,69.59359,19.080999,6.71929979324341,NA,47,NA,0,1,0,0
"New Zealand",1999,0,0,0,3835100,1.0359848,4800,15322.224,7.022999763,69.514069,18.486,3.27935004234314,NA,54,NA,2,1,0,0
"New Zealand",2000,0,0,0,3857700,1.0704849,4923,13641.103,6.130000114,71.332024,18.233,3.27935004234314,NA,53,NA,0,0,0,0
"New Zealand",2001,1,0,1,3880500,1.0996147,5264,13882.856,5.433000088,73.20507,17.629999,3.27935004234314,NA,53,NA,1,1,0,0
"New Zealand",2002,0,0,0,3948500,1.1287447,5757,16874.188,5.282000065,75.164841,18.025,3.75119996070862,NA,64,NA,0,0,3,0
"New Zealand",2003,1,1,2,4027200,1.1578746,5807,21913.709,4.750999928,76.48291,17.51,3.75119996070862,NA,164,NA,0,0,12,0
"New Zealand",2004,0,0,0,4087500,1.1870044,5350,25420.234,4.005000114,78.234558,17.209999,3.75119996070862,NA,197,NA,1,0,0,0
"New Zealand",2005,0,0,0,4133900,1.2161344,5307,27751.066,3.806999922,80.610558,17.781,3.75119996070862,NA,280,NA,1,0,0,0
"New Zealand",2006,0,0,0,4184600,1.2452643,4906,26671.33,3.857000113,83.323433,18.476999,3.75119996070862,NA,253,NA,1,1,1,0
"New Zealand",2007,0,0,0,4223800,1.2743942,2740,32510.082,3.661000013,85.303307,18.254,3.75119996070862,NA,41,NA,1,0,0,0
"New Zealand",2008,0,0,0,4259800,1.3035241,2716,31287.943,4.166999817,88.680428,19.643,6.71929979324341,NA,161,NA,0,0,0,0
"New Zealand",2009,0,0,0,4302600,1.332654,3289,28201.232,6.120999813,90.556587,20.691999,6.71929979324341,NA,182,NA,1,0,0,1
"New Zealand",2010,0,0,0,4350700,1.361784,2307,33692.012,6.55700016,92.641243,20.43,6.71929979324341,NA,328,NA,0,1,0,0
"New Zealand",2011,0,0,0,4384000,1.3909138,1934,38426.551,6.491000175,96.372726,20.042999,6.71929979324341,NA,261,NA,0,0,0,0
"New Zealand",2012,0,0,0,4408100,1.4200437,1517,39970.441,6.931000233,97.394203,20.139,6.71929979324341,NA,217,NA,0,1,0,0
"New Zealand",2013,0,0,0,4442100,1.4491737,1403,42949.141,6.264999866,98.499062,19.476,6.71929979324341,NA,183,NA,0,0,0,0
"New Zealand",2014,0,0,0,4509700,1.4783036,1349,44533.781,5.751999855,99.708153,19.617001,6.71929979324341,NA,39,NA,1,0,0,0
"New Zealand",2015,0,0,0,4595700,1.5074334,1337,38559.547,5.364999771,100,19.211,6.71929979324341,NA,29,NA,1,0,0,0
"New Zealand",2016,0,0,0,4693200,1.5195315,1421,40026.852,5.099999905,100.6462,18.921,6.71929979324341,NA,35,NA,0,0,7,0
"Norway",1993,0,0,0,4311991,1.3900627,38375,27963.666,5.96500015258789,64.816673,23.261,3.37059998512268,NA,978,0,0,0,12,0
"Norway",1994,0,0,0,4336613,1.4460133,44617,29315.842,5.348999977,65.708344,23.080999,3.37059998512268,NA,1236,0,1,0,0,0
"Norway",1995,0,0,0,4359184,1.501964,47607,34875.703,6.30700016,67.324997,22.474001,3.37059998512268,1.00006437291437,1482,0,2,0,1,0
"Norway",1996,0,0,0,4381336,1.5579146,48409,37321.973,5.035999775,68.175003,21.681,3.37059998512268,0.984476690383361,1366,0,0,0,0,0
"Norway",1997,0,0,0,4405157,1.6138654,47381,36629.031,4.686999798,69.925003,21.183001,5.21826648712158,0.957295810188025,1197,0,0,1,0,0
"Norway",1998,0,0,0,4431464,1.669816,45334,34788.359,3.736999989,71.5,22.634001,5.21826648712158,1.04360639558176,1327,0,0,0,1,0
"Norway",1999,0,0,0,4461913,1.7257667,43440,36371.051,3.246999979,73.191673,22.551001,5.21826648712158,1.1023245046769,800,0,1,0,1,0
"Norway",2000,0,0,0,4490967,1.7817173,47693,38131.461,3.457999945,75.449997,20.402,3.37059998512268,0.973937873644166,1125,0,1,1,0,0
"Norway",2001,0,0,0,4513751,2.021455,50128,38542.715,3.737999916,77.716667,21.231001,6.29923343658447,0.9856127893136,1105,1,1,0,0,0
"Norway",2002,0,0,0,4538159,2.261193,50432,43084.473,4.021999836,78.716667,22.722,6.29923343658447,1.13111504869233,1135,0,1,0,0,1
"Norway",2003,0,0,0,4564855,2.5009308,46109,50134.891,4.221000195,80.675003,23.655001,6.29923343658447,1.09876546257508,295,0,0,0,0,1
"Norway",2004,0,0,0,4591910,2.7406688,44046,57603.836,4.256000042,81.041656,22.296,6.29923343658447,1.02247871588653,272,0,0,0,0,0
"Norway",2005,0,0,0,4623291,2.9804065,43034,66810.477,4.381000042,82.283333,20.747999,3.20366668701172,0.887945499141452,284,0,1,0,0,0
"Norway",2006,0,0,0,4660677,3.2201443,43336,74148.32,3.398999929,84.199997,19.488001,3.20366668701172,0.852360018896214,475,0,0,0,0,0
"Norway",2007,0,0,0,4709153,3.4598823,34522,85139.961,2.493000031,84.800003,19.596001,3.20366668701172,0.845299473698319,606,0,2,0,0,0
"Norway",2008,0,0,0,4768212,3.69962,36101,96944.094,2.549999952,87.98333,19.212,3.20366668701172,0.821720769133402,546,1,1,0,0,0
"Norway",2009,0,0,0,4828726,3.939358,37826,79977.695,3.102999926,89.916656,22.436001,3.20366668701172,0.956235605714024,483,0,0,1,0,0
"Norway",2010,0,1,1,4889252,4.1790957,40260,87693.789,3.520999908,92.091667,22.025999,3.20366668701172,0.947065363061017,672,0,0,0,0,0
"Norway",2011,0,0,0,4953088,4.4188337,40691,100600.56,3.214999914,93.275002,21.497,3.20366668701172,0.925955434254443,361,1,1,0,2,0
"Norway",2012,0,0,0,5018573,4.6585712,42822,101524.14,3.122999907,93.925003,21.426001,3.20366668701172,0.920327672953216,565,0,0,1,0,0
"Norway",2013,0,0,0,5079623,4.8983092,46106,102913.45,3.423000097,95.916656,21.893999,8.32944965362549,0.98560052930037,148,0,3,0,0,0
"Norway",2014,0,0,0,5137232,5.1380472,47043,97019.18,3.483999968,97.875,22.827999,8.32944965362549,1.02365183038537,114,0,1,0,0,0
"Norway",2015,0,0,0,5188607,5.3777852,50389,74355.516,4.296000004,100,24.701,8.32944965362549,1.07294109479141,79,0,0,0,0,0
"Norway",2016,0,0,0,5234519,5.5500045,59522,70460.563,4.678999901,103.55,25.733999,8.32944965362549,1.16853681618825,130,0,1,0,0,1
"Portugal",1993,0,0,0,9964675,0.32652551,600,9534.6563,5.30000019073486,58.633968,15.117,6.29489994049072,NA,0,0,0,0,0,0
"Portugal",1994,0,0,0,9991525,0.34032255,248,9977.3203,6.712999821,61.812191,15.236,6.29489994049072,NA,0,0,4,1,0,0
"Portugal",1995,0,0,0,10026176,0.3541196,248,11781.362,7.06400013,64.422401,16.016001,4.0492000579834,1.56117323119143,0,2,0,0,0,0
"Portugal",1996,0,0,0,10063945,0.36791664,308,12185.092,7.297999859,66.399513,16.594999,4.0492000579834,1.58693667391364,900,0,0,0,0,2
"Portugal",1997,0,0,0,10108977,0.38171369,319,11575.507,6.571000099,67.95118,16.437,4.0492000579834,1.63811616738473,319,0,0,0,0,0
"Portugal",1998,0,0,0,10160196,0.39551073,339,12199.206,4.65199995,69.699387,16.829,4.0492000579834,1.79994534696706,350,0,3,0,0,0
"Portugal",1999,0,0,0,10217828,0.40930778,379,12471.079,4.578000069,71.330429,17.236,4.0492000579834,1.67777136258902,635,0,2,0,0,0
"Portugal",2000,0,0,0,10289898,0.42310482,433,11497.754,3.809000015,73.365509,18.468,4.0492000579834,1.73439989558807,675,0,0,1,0,0
"Portugal",2001,0,0,0,10362722,0.42443511,449,11724.611,3.828000069,76.57151,18.948,4.0492000579834,1.7402908071249,643,0,0,1,0,0
"Portugal",2002,0,0,0,10419631,0.4257654,462,12875.32,4.497000217,79.328346,20.281,7.15854978561401,1.82418957193865,663,0,1,1,3,0
"Portugal",2003,0,0,0,10458821,0.42709571,418,15762.976,6.131999969,81.88192,21.323999,7.15854978561401,1.98692583004811,470,1,0,1,14,0
"Portugal",2004,0,0,0,10483861,0.428426,377,18031,6.316999912,83.818733,21.653999,7.15854978561401,1.92606308580423,466,0,0,1,0,0
"Portugal",2005,0,0,0,10503330,0.42975628,363,18773.125,7.581999779,85.727409,22.287001,4.0492000579834,1.96248308701187,466,0,1,1,0,0
"Portugal",2006,0,0,0,10522288,0.43108657,333,19822.846,7.646999836,88.391533,22.018999,4.0492000579834,1.86687191409282,401,0,1,0,0,0
"Portugal",2007,0,0,0,10542964,0.43241686,353,22782.094,7.964000225,90.560631,21.726999,4.0492000579834,1.8109974971365,385,0,0,0,1,0
"Portugal",2008,0,0,0,10558177,0.43374714,403,24847.545,7.552000046,92.9048,22.184,4.0492000579834,1.83164660073034,331,0,1,1,0,0
"Portugal",2009,0,0,0,10568247,0.43507743,389,23059.797,9.43200016,92.128563,24.542,4.0492000579834,2.05538321360387,278,0,1,0,1,0
"Portugal",2010,0,0,0,10573100,0.43640772,384,22498.691,10.77000046,93.420723,24.474001,4.0492000579834,1.99552611483301,351,0,0,0,0,0
"Portugal",2011,0,0,0,10557560,0.437738,408,23186.914,12.67700005,96.833389,24.388,7.15854978561401,1.97630645813417,223,0,2,0,0,0
"Portugal",2012,0,0,0,10514844,0.43906829,483,20564.891,15.52700043,99.518913,24.525,7.15854978561401,1.85636497654909,397,0,0,0,0,0
"Portugal",2013,0,0,0,10457295,0.4403986,598,21647.041,16.18300056,99.792007,25.573,7.15854978561401,2.04995805410977,147,0,0,0,0,0
"Portugal",2014,0,0,0,10401062,0.44172889,699,22074.301,13.89400005,99.514427,25.069,7.15854978561401,1.90006348954441,166,0,1,0,0,0
"Portugal",2015,0,0,0,10358076,0.44305918,853,19242.367,12.44400024,100,24.039,5.60387492179871,1.85377632808736,91,0,1,1,0,0
"Portugal",2016,0,0,0,10325452,0.45720303,1194,19978.4,11.06599998,100.6074,23.673,5.60387492179871,1.78248880310142,59,0,2,1,0,1
"Spain",1993,0,0,0,39361262,1.4561086,4997,13339.908,22.1609992980957,57.146481,22.316999,3.73769998550415,NA,1219,5,1,0,0,0
"Spain",1994,0,0,0,39549108,1.5176519,5361,13415.287,24.20899963,59.842892,21.323,3.73769998550415,NA,1415,1,0,0,0,0
"Spain",1995,0,0,0,39724050,1.5791953,5852,15471.963,22.67499924,62.639832,20.687,3.73769998550415,1.96553101687408,1438,2,1,0,0,0
"Spain",1996,0,0,0,39889852,1.6407386,5688,16109.084,22.1420002,64.869087,20.584,7.59689998626709,1.84034030862444,1400,0,1,1,0,0
"Spain",1997,0,0,0,40057389,1.702282,5532,14730.797,20.69799995,66.147713,20.011,7.59689998626709,1.83161681443879,1887,1,0,0,0,0
"Spain",1998,0,0,0,40223509,1.7638253,5939,15394.352,18.67399979,67.361076,19.909,7.59689998626709,1.80595798867971,1600,1,1,0,0,0
"Spain",1999,0,0,0,40386875,1.8253686,6714,15715.332,15.47599983,68.917343,19.750999,7.59689998626709,1.79479388910618,1600,1,3,0,15,0
"Spain",2000,0,0,0,40567864,1.8869119,6987,14713.065,13.78499985,71.283638,19.481001,7.59689998626709,1.6973038553618,2500,4,1,0,0,0
"Spain",2001,0,0,0,40850412,1.9451741,6806,15355.703,10.34799957,73.842598,19.107,7.59689998626709,1.83125937063566,2502,0,3,0,0,0
"Spain",2002,0,0,0,41431558,2.0034361,6780,17025.531,11.14599991,76.106438,19.334999,7.59689998626709,1.79667321279911,2852,0,1,0,0,0
"Spain",2003,0,0,0,42187645,2.0616982,5900,21463.443,11.28299999,78.419487,19.927,7.59689998626709,1.79441731296104,2852,1,1,0,3,0
"Spain",2004,2,1,3,42921895,2.1199603,5686,24861.283,11.09000015,80.802818,20.135,3.73769998550415,1.7890781988674,1462,1,2,0,0,0
"Spain",2005,0,0,0,43653155,2.1782224,5374,26419.297,9.145999908,83.524628,20.408001,3.73769998550415,1.76199672833655,1460,1,0,0,0,4
"Spain",2006,0,1,1,44397319,2.2364848,5275,28365.314,8.451999664,86.460831,20.43,3.73769998550415,1.79085356681407,1481,0,2,1,0,0
"Spain",2007,0,0,0,45226803,2.2947469,5147,32549.971,8.232000351,88.870522,20.797001,3.73769998550415,1.86548326002125,2513,1,0,0,3,0
"Spain",2008,0,1,1,45954106,2.353009,4661,35366.258,11.25399971,92.492577,22.190001,3.73769998550415,1.958467510439,2128,0,0,1,0,0
"Spain",2009,0,0,0,46362946,2.4112711,3970,32042.475,17.85700035,92.226196,25.384001,3.73769998550415,2.05307470240517,2375,0,0,0,0,0
"Spain",2010,0,0,0,46576897,2.4695332,3820,30502.719,19.86000061,93.886169,24.722,3.73769998550415,2.15948593700622,2361,0,0,0,0,0
"Spain",2011,0,0,0,46742697,2.5277953,4228,31636.447,21.38999939,96.886902,25.395,7.59689998626709,2.16363983330874,2601,0,1,0,0,0
"Spain",2012,0,1,1,46773055,2.5860574,4510,28324.43,24.78700066,99.25676,25.341,7.59689998626709,2.03850454709005,2612,0,0,0,0,0
"Spain",2013,0,0,0,46620045,2.6443195,4637,29059.549,26.09399986,100.6548,25.559,7.59689998626709,2.04538059563992,2440,0,0,0,0,0
"Spain",2014,0,0,0,46480882,2.7025816,5798,29461.551,24.44099998,100.503,25.231001,7.59689998626709,2.00366610538309,1514,0,0,0,6,0
"Spain",2015,0,2,2,46444832,2.7608438,6457,25732.018,22.05699921,100,24.656,7.59689998626709,2.01941369166381,894,0,1,2,0,0
"Spain",2016,0,0,0,46484062,2.8328784,12989,26505.625,19.63500023,99.797333,24.250999,7.59689998626709,1.90368455074337,1054,1,1,0,0,0
"Sweden",1993,0,0,0,8718561,3.149358,162402,24425.285,9.32999992370605,77.733337,34.178001,6.79617500305176,NA,495,0,0,1,0,0
"Sweden",1994,0,0,0,8780745,3.2849641,200791,25883.016,9.579999924,79.410927,32.942001,3.44470000267029,NA,1645,0,0,0,1,0
"Sweden",1995,0,0,0,8826939,3.4205704,199212,30066.225,8.897000313,81.36058,30.561001,3.44470000267029,1.37302007367708,1121,4,0,1,0,0
"Sweden",1996,0,0,0,8840998,3.5561764,191171,32774.082,9.546999931,81.794342,30.093,3.44470000267029,1.39544985052244,500,0,0,1,0,0
"Sweden",1997,0,0,0,8846062,3.6917827,186725,30113.254,10.35900021,82.332893,28.867001,3.44470000267029,1.29608769341134,487,0,0,2,0,1
"Sweden",1998,0,0,0,8850974,3.8273888,178795,30382.654,8.940999985,82.112953,28.523001,3.44470000267029,1.30158439109089,0,0,0,0,0,0
"Sweden",1999,0,0,0,8857874,3.9629951,159513,30740.211,7.606999874,82.492447,27.979,3.44470000267029,1.3065646483921,510,2,0,0,0,0
"Sweden",2000,0,0,0,8872109,4.0986013,157220,29456.068,5.46600008,83.234177,26.773001,3.44470000267029,1.24075665733666,1315,1,0,0,0,2
"Sweden",2001,0,0,0,8895960,4.3661985,146491,27093.082,4.730000019,85.236763,26.813999,3.44470000267029,1.28760329848175,797,0,1,1,0,0
"Sweden",2002,0,0,0,8924958,4.6337957,142193,29729.719,4.965000153,87.076576,27.521,3.44470000267029,1.3253945645005,838,0,0,0,2,0
"Sweden",2003,0,0,0,8958229,4.9013929,112167,37090.941,5.554999828,88.753372,28.198999,3.44470000267029,1.33581308516958,42,2,2,0,0,0
"Sweden",2004,0,0,0,8993531,5.1689901,73408,42544.41,6.69299984,89.085007,27.671,3.44470000267029,1.27481045525236,27,0,0,2,0,0
"Sweden",2005,1,0,1,9029572,5.4365873,74915,43164,7.486000061,89.488724,27.325001,3.44470000267029,1.26911526546705,26,1,0,0,1,1
"Sweden",2006,0,0,0,9080505,5.7041845,79913,46277.578,7.065999985,90.705963,26.610001,6.79617500305176,1.28011817467856,327,0,0,0,0,0
"Sweden",2007,0,0,0,9148092,5.9717817,75078,53341.492,6.160999775,92.712517,25.483,6.79617500305176,1.27130348250862,461,0,1,0,0,0
"Sweden",2008,0,0,0,9219637,6.2393789,77038,55903.898,6.235000134,95.899101,25.549999,6.79617500305176,1.28952475653807,580,0,0,1,0,0
"Sweden",2009,0,0,0,9298515,6.5069761,81356,46793.945,8.350999832,95.424919,27.632,6.79617500305176,1.34997779463991,361,1,0,1,0,0
"Sweden",2010,1,1,2,9378126,6.7745733,82629,52817.441,8.609999657,96.529922,26.254999,6.79617500305176,1.3410294913886,433,0,0,0,0,0
"Sweden",2011,0,1,1,9449213,7.0421705,86615,60612.879,7.803999901,99.388321,25.59,6.79617500305176,1.3134226264258,501,0,1,0,0,0
"Sweden",2012,0,0,0,9519374,7.3097677,92872,57874.285,7.975999832,100.2713,26.507,6.79617500305176,1.3540916786134,615,1,0,0,0,0
"Sweden",2013,0,0,0,9600379,7.5773649,114175,60897.367,8.052000046,100.2269,27.174,6.79617500305176,1.34980991588404,507,0,0,0,0,0
"Sweden",2014,0,0,0,9696110,7.8449621,142207,59843.52,7.953000069,100.0468,26.804001,3.41179990768433,1.32369882083896,283,0,0,0,0,0
"Sweden",2015,0,0,0,9799186,8.1125593,169520,51397.191,7.43200016,100,26.341,3.41179990768433,1.26479063078993,51,1,0,0,4,0
"Sweden",2016,0,0,0,9923085,8.2684069,230164,51974.195,6.989999771,100.9843,26.421,3.41179990768433,1.27539772530407,254,1,0,0,1,0
"UK",1993,0,0,0,57718614,2.9983733,80230,18389.02,10.3479995727539,63.5,18.423,7.42609977722168,NA,3691,2,0,0,0,0
"UK",1994,0,0,0,57865745,3.0791125,85160,19709.238,9.649999619,64.900002,17.76,7.42609977722168,NA,5208,2,0,0,0,0
"UK",1995,0,0,0,58019030,3.1598518,90909,23123.178,8.694000244,66.599998,16.716999,7.42609977722168,1.8311804103218,12980,0,1,0,1,0
"UK",1996,0,0,0,58166950,3.2405913,98577,24332.697,8.192000389,68.5,16.521999,7.42609977722168,1.77328064635242,11960,1,0,1,0,0
"UK",1997,0,0,0,58316954,3.3213305,107933,26734.563,7.072000027,70,15.806,4.35620021820068,1.72154344550213,5280,0,0,0,0,0
"UK",1998,0,0,0,58487141,3.4020698,121716,28214.273,6.203000069,71.300003,16.242001,4.35620021820068,1.75034675734212,6910,0,1,0,0,1
"UK",1999,0,0,0,58682466,3.4828091,148922,28669.539,6.043000221,72.599998,16.056,4.35620021820068,1.88808250095443,16090,1,1,0,0,0
"UK",2000,0,0,0,58892514,3.5635483,186248,28149.869,5.561999798,73.400002,16.191999,4.35620021820068,1.97325608245691,8402,1,0,1,0,0
"UK",2001,0,0,0,59119673,3.7452304,233389,27744.506,4.695000172,74.599998,17.032,4.35620021820068,2.04690038166566,9375,1,3,0,0,0
"UK",2002,0,0,0,59370479,3.9269125,260687,30056.586,5.037000179,75.699997,17.125999,4.35620021820068,2.12816888277433,6904,1,1,0,7,0
"UK",2003,0,3,3,59647577,4.1085944,276522,34419.148,4.80700016,76.699997,17.882999,4.35620021820068,2.17992578773,16862,0,0,1,0,0
"UK",2004,0,3,3,59987905,4.2902765,298844,40290.313,4.593999863,77.800003,18.379,4.35620021820068,2.34992364376788,11882,3,2,0,1,0
"UK",2005,2,1,3,60401206,4.4719586,303181,42030.285,4.75,79.400002,18.337999,4.35620021820068,2.34216206847653,11971,1,0,0,2,0
"UK",2006,0,0,0,60846820,4.6536407,301556,44599.699,5.349999905,81.400002,18.239,4.35620021820068,2.26052478671768,15254,0,1,0,0,0
"UK",2007,4,3,7,61322463,4.8353229,299718,50566.828,5.262000084,83.300003,18.813999,4.35620021820068,2.2828442768552,17816,3,0,0,1,0
"UK",2008,1,2,3,61806995,5.017005,292097,47287,5.614999771,86.199997,20.108,4.35620021820068,2.32915768042764,14666,3,1,0,0,0
"UK",2009,0,1,1,62276270,5.1986871,269363,38713.137,7.537000179,87.900002,22.242001,4.35620021820068,2.51976817745061,13260,1,0,0,2,0
"UK",2010,1,4,5,62766365,5.3803692,238150,39435.84,7.787000179,90.099998,22.423,5.8568000793457,2.42645264110037,9833,2,1,0,0,0
"UK",2011,0,0,0,63258810,5.5620508,193510,42038.5,8.036999702,93.599998,22.16,5.8568000793457,2.24896733550872,10394,0,0,0,0,0
"UK",2012,0,2,2,63700215,5.7437329,149799,42462.715,7.885000229,96,22.229,5.8568000793457,2.19468195507735,10310,1,0,0,0,0
"UK",2013,1,1,2,64128273,5.925415,126055,43444.566,7.525000095,98.199997,22.450001,5.8568000793457,2.0448244187084,10205,1,0,0,0,2
"UK",2014,0,2,2,64602298,6.1070971,117234,47417.637,6.110000134,99.599998,21.858,5.8568000793457,1.922163908647,8416,0,0,1,0,0
"UK",2015,2,4,6,65116219,6.2887793,123067,44966.102,5.301000118,100,21.608999,7.42609977722168,1.87626245763985,1876,0,1,0,0,0
"UK",2016,0,2,2,65611593,6.4032826,118995,41074.168,4.813000202,101,21.24,7.42609977722168,1.80372732561956,2942,2,2,0,0,0
"US",1993,1,1,2,259919000,1.0177711,623069,26387.293,6.90000009536743,60.948509,15.07,7.42609977722168,1.87359327228941,8400,NA,0,0,0,0
"US",1994,1,0,1,263126000,1.0454264,631051,27694.854,6.118999958,62.537708,15.015,7.42609977722168,1.89126851387824,5800,NA,0,0,0,0
"US",1995,0,0,0,266278000,1.0730815,623294,28690.875,5.650000095,64.292152,15.06,7.42609977722168,1.93027676694614,6913,NA,2,0,0,0
"US",1996,0,0,0,269394000,1.1007367,607024,29967.713,5.451000214,66.176689,14.855,7.42609977722168,1.94507279835484,23925,NA,0,0,0,0
"US",1997,1,1,2,272657000,1.128392,563837,31459.139,5,67.723686,14.427,7.42609977722168,1.94133244543431,10744,NA,0,0,0,0
"US",1998,0,1,1,275854000,1.1560472,533969,32853.676,4.510000229,68.774963,14.491,7.42609977722168,1.9694759366762,12917,NA,2,0,0,0
"US",1999,0,1,1,279040000,1.1837025,521143,34513.563,4.218999863,70.27977,14.23,7.42609977722168,2.00742046523692,13878,NA,0,0,0,0
"US",2000,0,0,0,282162411,1.2113577,508222,36334.91,3.992000103,72.653023,14.25,7.42609977722168,2.02918609758331,14218,NA,0,0,0,0
"US",2001,2,0,2,284968955,1.222518,515853,37133.242,4.730999947,74.706306,14.837,7.42609977722168,2.11788385780823,14360,NA,1,0,0,0
"US",2002,1,2,3,287625193,1.2336782,485171,38023.16,5.782999992,75.891182,15.687,7.42609977722168,2.17248920076025,22115,NA,1,0,0,0
"US",2003,0,8,8,290107933,1.2448385,452548,39496.484,5.988999844,77.613983,15.945,7.42609977722168,2.13380564529685,213359,NA,1,0,3,0
"US",2004,0,4,4,292805298,1.2559987,420854,41712.801,5.528999805,79.691887,15.809,7.42609977722168,2.11283530911523,182830,NA,1,0,0,0
"US",2005,0,3,3,295516599,1.267159,379340,44114.746,5.083000183,82.395638,15.647,7.42609977722168,2.08055727869082,181916,NA,0,1,0,0
"US",2006,1,5,6,298379912,1.2783192,843498,46298.73,4.623000145,85.053673,15.727,7.42609977722168,2.08337564964741,244655,NA,0,0,0,0
"US",2007,0,3,3,301231207,1.2894795,281219,47975.969,4.622000217,87.47998,15.862,7.42609977722168,2.13221619916052,193692,NA,2,0,0,0
"US",2008,0,1,1,304093966,1.3006397,279548,48382.559,5.78399992,90.838417,16.5,7.42609977722168,2.23633022709068,199539,NA,1,1,0,0
"US",2009,3,6,9,306771529,1.3118,275461,47099.98,9.25399971,90.51545,18.594999,7.42609977722168,2.32072861855811,181035,NA,0,1,0,0
"US",2010,7,6,13,309321666,1.3229603,264574,48466.824,9.633000374,91.999939,19.368,7.42609977722168,2.26932243831598,192146,NA,3,0,1,0
"US",2011,1,9,10,311556874,1.3341204,264763,49883.113,8.949000359,94.904243,19.083,7.42609977722168,2.19150074292675,152448,NA,2,0,0,0
"US",2012,0,6,6,313830990,1.3452806,262023,51603.496,8.069000244,96.868118,18.83,7.42609977722168,2.09631137407053,159703,NA,2,1,0,0
"US",2013,1,2,3,315993715,1.3564409,263662,53106.91,7.375,98.287079,18.804001,7.42609977722168,2.05151826727565,104545,NA,2,0,0,0
"US",2014,4,3,7,318301008,1.3676012,267222,55032.957,6.168000221,99.881523,18.783001,7.42609977722168,2.02690460652773,98215,NA,0,0,2,0
"US",2015,3,16,19,320635163,1.3787614,273202,56803.473,5.28000021,100,18.848,7.42609977722168,2.01834214569394,63436,NA,0,0,0,0
"US",2016,5,13,18,322941311,1.3986962,272959,57904.203,4.868999958,101.2616,18.91,7.42609977722168,2.02003271379596,46650,NA,1,0,0,0
