"country","year","launched","foiled","all","population","percentagemuslims","refugees","gdpcap","unemployment","cpi","socialspend","securityspend","troops_in_mw","rwattacks","all_poisson","launched_poisson","nb_all","nb_launched","left_right"
"Austria",1994,0,0,0,7936118,3.393792507,40703,32962.81742,3.535000086,68.096909,26.323999,1.411585803,472,0,0,0,0,0,5.1013
"Austria",1995,0,0,0,7948278,3.525222133,34385,33790.48499,4.347000122,69.624573,26.275999,1.498176053,468,1,1,0,0,0,5.1013
"Austria",1996,0,0,0,7959017,3.656651759,89116,34537.73957,5.281000137,70.920273,26.399,1.495385582,497,0,0,0,0,0,5.1013
"Austria",1997,0,0,0,7968041,3.788081386,84394,35220.88774,5.149000168,71.846474,25.854,1.496880944,823,0,0,0,0,0,5.1013
"Austria",1998,0,0,0,7976789,3.919511012,80300,36442.28823,5.522999763,72.509232,25.632,1.483249443,653,0,1,0,1,0,5.1013
"Austria",1999,0,0,0,7992324,4.050940638,82081,37664.94328,4.697999954,72.921799,25.954,1.496998439,628,0,0,1,0,0,5.1013
"Austria",2000,0,0,0,8011566,4.182370265,15492,38842.89052,4.686999798,74.631721,25.688,1.4177098,903,0,0,0,0,0,7.41135
"Austria",2001,0,0,0,8042293,4.376113321,14390,39184.8086,4.006999969,76.609459,25.750999,1.428263851,913,0,0,0,0,0,7.41135
"Austria",2002,0,0,0,8081957,4.569856378,14130,39636.48261,4.848999977,77.996368,26.047001,1.427409469,923,0,0,0,0,0,7.41135
"Austria",2003,0,0,0,8121423,4.763599435,16109,39815.22195,4.778999805,79.05365,26.584999,1.428372665,382,0,0,1,1,0,7.41135
"Austria",2004,0,0,0,8171966,4.957342491,17795,40651.22662,5.834000111,80.683113,26.329,1.444219158,372,0,0,0,0,0,7.41135
"Austria",2005,0,0,0,8227829,5.151085548,21230,41281.27076,5.627999783,82.538116,25.952,1.370335369,673,0,0,0,1,1,7.65165
"Austria",2006,0,0,0,8268641,5.344828605,25486,42496.35105,5.243000031,83.727951,25.665001,1.358471939,669,0,0,0,0,0,7.65165
"Austria",2007,0,0,0,8295487,5.538571661,30773,43937.71289,4.857999802,85.54364,25.086,1.298357756,664,0,0,0,0,0,5.1013
"Austria",2008,0,0,0,8321496,5.732314718,37557,44440.05589,4.127999783,88.294678,25.514999,1.329345251,724,0,1,1,1,0,5.1013
"Austria",2009,0,0,0,8343323,5.926057775,38906,42655.19213,5.301000118,88.741722,27.466,1.401848231,662,0,0,0,0,0,5.1013
"Austria",2010,0,0,0,8363404,6.119800831,42630,43334.50896,4.820000172,90.351082,27.562,1.361695084,509,0,0,0,0,0,5.1013
"Austria",2011,0,0,0,8391643,6.313543888,47073,44451.00019,4.56400013,93.320549,26.743,1.32275424,685,0,1,0,0,1,5.1013
"Austria",2012,0,0,0,8429991,6.507286945,51730,44549.8817,4.864999771,95.64019,27.108999,1.337724567,737,0,0,1,0,0,5.1013
"Austria",2013,0,0,0,8479823,6.701030002,55598,44299.37818,5.335000038,97.553146,27.513,1.321273612,849,0,0,0,0,0,5.1013
"Austria",2014,0,1,1,8546356,6.894773058,60747,44245.16874,5.619999886,99.119659,27.735001,1.329563936,493,0,0,1,2,0,5.1013
"Austria",2015,0,0,0,8642699,7.088516115,72216,44195.81759,5.72300005,100.0083,27.701,1.343285893,496,0,0,0,0,0,5.1013
"Austria",2016,0,1,1,8736668,7.15107811,93250,44590.25163,6.013999939,100.9,27.837,1.345453093,517,0,1,0,0,0,5.1013
"Austria",2017,0,0,0,8797566,7.213640105,115197,45281.7234,5.499000072,103,27.083,1.357928015,522,0,0,0,0,0,7.41135
"Austria",2018,1,0,1,8840521,7.2762021,128769,46154.6251,4.84800005,105.0583,26.601,1.348589313,398,0,2,0,3,0,7.41135
"Austria",2019,0,1,1,8879920,7.33810105,135951,46647.08096,4.49,106.6578,27.708,1.334890888,570,0,2,0,0,0,4.5
"Austria",2020,1,0,1,8916864,7.4,141816,43455.70007,5.36,108.1317,31.108,1.426822542,604,0,0,1,0,0,4.46685
"Austria",2021,0,0,0,8955797,7.951515018,152514,45238.39071,6.18,111.1233,31.061,1.402348554,513,0,0,0,0,0,4.46685
"Belgium",1994,0,0,0,10115603,4.145903877,19497,30664.30785,9.647000313,68.096909,24.65,1.428263851,422,0,1,0,0,0,4.46685
"Belgium",1995,0,0,0,10136811,4.266740543,31691,31329.89207,9.338999748,69.624573,25.169001,1.432140667,94,0,0,0,0,0,4.360175
"Belgium",1996,0,0,0,10156637,4.387577209,36060,31681.93636,9.482999802,70.920273,25.737,1.474190467,420,0,1,0,0,0,4.360175
"Belgium",1997,0,0,0,10181245,4.508413875,36060,32804.36054,8.956000328,71.846474,24.723,1.488878923,123,0,1,0,0,1,4.360175
"Belgium",1998,0,0,0,10203008,4.629250541,15509,33376.57484,9.322999954,72.509232,24.73,1.47839559,550,0,0,0,0,1,4.360175
"Belgium",1999,0,0,0,10226419,4.750087207,16760,34479.90645,8.649000168,72.921799,24.535999,1.515718038,1650,0,0,0,1,0,4.20903333333333
"Belgium",2000,0,0,0,10251250,4.870923873,18832,35674.79125,6.585999966,74.631721,23.485001,1.511176536,1450,0,1,0,0,0,4.20903333333333
"Belgium",2001,0,1,1,10286570,5.038770876,12265,35943.23796,6.177000046,76.609459,23.989,1.688274988,1250,0,0,0,0,0,4.20903333333333
"Belgium",2002,0,0,0,10332785,5.20661788,12578,36393.24177,6.90899992,77.996368,24.341,1.716010523,1250,1,0,0,1,0,4.20903333333333
"Belgium",2003,1,0,1,10376133,5.374464883,12595,36617.38038,7.679999828,79.05365,25.490999,1.749429766,169,0,2,0,0,0,4.969975
"Belgium",2004,0,0,0,10421137,5.542311887,13529,37761.28132,7.362999916,80.683113,25.250999,1.644769535,254,0,1,0,0,0,4.969975
"Belgium",2005,0,0,0,10478617,5.710158891,15282,38426.05191,8.43999958,82.538116,25.229,1.672474564,254,0,0,0,0,0,4.969975
"Belgium",2006,0,0,0,10547958,5.878005894,16820,39147.76356,8.24600029,83.727951,25.108999,1.737559261,353,2,0,0,0,0,4.969975
"Belgium",2007,0,0,0,10625700,6.045852898,17575,40290.22776,7.458000183,85.54364,24.889999,1.675373502,681,0,0,0,4,0,5.3558
"Belgium",2008,0,0,0,10709973,6.213699901,17026,40151.84987,6.975999832,88.294678,26.257999,1.779224667,742,0,0,0,0,0,5.62113
"Belgium",2009,0,0,0,10796493,6.381546905,15545,39025.22079,7.907999992,88.741722,28.552999,1.89423239,1051,0,1,0,1,0,5.5778
"Belgium",2010,0,0,0,10895586,6.549393908,17892,39777.92528,8.291999817,90.351082,28.284,1.854573483,759,0,0,0,0,0,5.220925
"Belgium",2011,0,0,0,11038264,6.717240912,22402,39929.09514,7.139999866,93.320549,28.732,1.853642785,651,0,0,1,1,1,5.18915
"Belgium",2012,0,0,0,11106932,6.885087915,22024,39975.57364,7.541999817,95.64019,28.684999,1.864933151,676,0,0,0,1,0,5.18915
"Belgium",2013,0,0,0,11159407,7.052934919,25629,39970.3175,8.425000191,97.553146,29.212999,1.869298514,383,0,1,1,0,0,5.18915
"Belgium",2014,1,0,1,11209057,7.220781923,29179,40421.42079,8.522999763,99.119659,29.448,1.826511098,318,0,1,0,1,0,5.71279
"Belgium",2015,0,1,1,11274196,7.388628926,35314,41008.29672,8.482000351,100.0083,29.188,1.719864632,341,0,1,0,0,0,5.71279
"Belgium",2016,2,0,2,11331422,7.597654193,42168,41318.01964,7.829999924,100.9,29.205999,1.696276315,166,0,1,0,0,0,5.71279
"Belgium",2017,1,0,1,11375158,7.80667946,42128,41825.76283,7.085999966,103,29.179001,1.681113367,317,0,0,0,0,0,5.71279
"Belgium",2018,2,0,2,11433256,8.015704728,42168,42382.31828,5.947999954,105.0583,28.914,1.711605285,395,0,1,0,0,0,6.48696666666667
"Belgium",2019,0,0,0,11488980,8.222852364,61662,43107.21482,5.36,107.807,28.218,1.687007143,289,0,0,0,0,0,6.48696666666667
"Belgium",2020,0,1,1,11538604,8.43,64973,40620.10422,5.55,108.6057,32.28,1.804677146,183,0,0,0,0,0,5.03156
"Belgium",2021,0,0,0,11592952,8.408022221,74063,42971.05804,6.26,111.2559,29.705,1.753518409,251,0,0,0,0,0,5.03156
"Denmark",1994,0,0,0,5206180,2.50940747,49558,42257.09833,8.036000252,66.625801,25.424,1.158682059,362,0,1,0,1,0,4.7452
"Denmark",1995,0,0,0,5233373,2.603826679,64844,43310.25009,6.992000103,68.014023,25.513,0.942804099,329,0,0,1,0,0,4.7452
"Denmark",1996,0,0,0,5263074,2.698245888,66373,44314.7905,6.843999863,69.460213,24.945999,0.924887952,841,0,0,0,0,0,4.33735
"Denmark",1997,0,0,0,5284991,2.792665097,68122,45570.07982,5.400000095,70.975937,24.156,0.900858148,718,0,0,1,0,0,4.33735
"Denmark",1998,0,0,0,5304219,2.887084306,69015,46412.03897,5.039000034,72.285912,23.740999,0.912825765,601,0,1,2,0,0,4.33735
"Denmark",1999,0,0,0,5321799,2.981503515,69006,47622.43908,5.140999794,74.091461,24.547001,0.92233658,1480,0,1,0,0,0,4.33735
"Denmark",2000,0,0,0,5339616,3.075922724,71035,49241.928,4.475999832,76.242554,23.764999,0.902697728,1325,0,1,0,0,1,4.33735
"Denmark",2001,0,0,0,5358783,3.221391516,73284,49469.68881,4.164000034,78.025002,24.290001,0.920799022,1247,0,0,0,0,0,7.2553
"Denmark",2002,0,0,0,5375931,3.366860307,73597,49541.85555,4.274000168,79.916656,24.804001,0.92989218,1130,0,0,1,0,0,7.2553
"Denmark",2003,0,0,0,5390574,3.512329098,69858,49599.99696,5.397999763,81.574997,25.327999,0.940385477,1040,0,1,1,0,0,7.2553
"Denmark",2004,0,0,0,5404523,3.657797889,65310,50792.00095,5.203999996,82.51667,25.118999,0.942031373,598,0,1,0,0,0,7.2553
"Denmark",2005,0,1,1,5419432,3.80326668,44374,51835.83271,4.829999924,84.01667,25.195,0.938092591,774,0,0,0,1,0,7.2553
"Denmark",2006,0,1,1,5437272,3.948735472,36659,53687.44155,3.897000074,85.633331,24.961,0.908182928,707,0,0,0,0,1,7.2553
"Denmark",2007,0,1,1,5461438,4.094204263,26788,53935.87025,3.801000118,87.083344,24.982,0.914112373,996,0,1,0,0,0,7.2553
"Denmark",2008,0,0,0,5493621,4.239673054,23401,53345.35762,3.434000015,90.058327,25.371,0.969041996,980,0,0,0,0,0,7.2553
"Denmark",2009,0,1,1,5523095,4.385141845,20355,50457.23249,6.006999969,91.23333,28.250999,1.074533608,800,0,1,0,0,0,7.2553
"Denmark",2010,2,1,3,5547683,4.530610636,17922,51173.46616,7.464000225,93.341667,28.591999,1.039799757,731,0,1,0,0,0,7.2553
"Denmark",2011,0,0,0,5570572,4.676079428,13399,51644.46351,7.572999954,95.916656,28.634001,1.060777089,925,0,1,0,0,0,3.60313333333333
"Denmark",2012,0,0,0,5591572,4.821548219,11814,51567.04015,7.526000023,98.216667,28.747,1.019207231,925,0,0,0,0,0,3.60313333333333
"Denmark",2013,1,0,1,5614932,4.96701701,13170,51831.79793,6.997000217,98.991669,28.775999,1.014211169,764,0,0,0,0,0,3.60313333333333
"Denmark",2014,0,0,0,5643475,5.112485801,17785,52404.76397,6.589000225,99.550003,28.823,1.011576526,317,0,0,0,1,0,4.33735
"Denmark",2015,1,0,1,5683483,5.257954592,27326,53254.85637,6.168000221,100,28.99,0.979052679,285,0,3,0,0,0,7.292
"Denmark",2016,0,1,1,5728010,5.310421085,33507,54556.06895,6.181000233,100.25,28.749001,0.980544616,160,0,1,0,0,0,6.83686666666667
"Denmark",2017,0,0,0,5764980,5.362887577,35593,55735.7649,5.743000031,101.4,28.121,0.941609369,467,0,0,0,0,0,6.83686666666667
"Denmark",2018,0,0,0,5793636,5.41535407,36631,56563.48847,4.974999905,102.225,27.990999,0.941604277,394,0,2,0,0,0,6.83686666666667
"Denmark",2019,0,1,1,5814422,5.467677035,37533,57203.02779,5.02,103,28.436,0.973277351,402,0,0,0,0,0,3.8011
"Denmark",2020,0,1,1,5831404,5.52,36643,55898.79003,5.64,103.4333,29.347,1.002063027,398,0,3,0,0,0,3.8011
"Denmark",2021,0,1,1,5856733,5.895075327,36023,58359.58399,5.06,105.35,28.273,0.93616956,400,0,0,0,0,1,3.8011
"Finland",1994,0,0,0,5088333,0.283791294,9511,28812.30362,16.4260006,72.937683,31.566999,1.411585803,534,0,0,0,0,0,6.47946666666667
"Finland",1995,0,0,0,5107790,0.294784832,10191,29912.89797,17.00499916,73.514793,28.902,1.393215558,522,0,0,0,0,0,4.6052
"Finland",1996,0,0,0,5124573,0.30577837,11382,30908.30031,15.57199955,73.977348,28.738001,1.427269967,940,0,0,0,0,0,4.6052
"Finland",1997,0,0,0,5139835,0.316771908,12017,32768.37813,14.96700001,74.859573,26.624001,1.323021109,1194,0,0,0,0,0,4.6052
"Finland",1998,0,0,0,5153498,0.327765447,12290,34464.99088,13.21399975,75.907204,24.527,1.304845859,490,0,0,0,0,0,4.6052
"Finland",1999,0,0,0,5165474,0.338758985,12869,35891.00564,11.69299984,76.789429,23.841999,1.308739639,494,0,0,0,0,1,4.6052
"Finland",2000,0,0,0,5176209,0.349752523,13276,37884.39132,11.13399982,79.125427,22.613001,1.288459565,1904,0,0,0,0,0,4.6052
"Finland",2001,0,0,0,5188008,0.464035958,12728,38784.77255,10.28999996,81.165627,22.438999,1.281218021,1452,0,0,0,0,0,4.6052
"Finland",2002,0,0,0,5200598,0.578319393,12490,39351.3904,10.42300034,82.440933,23.16,1.247255634,972,0,0,1,0,0,4.844875
"Finland",2003,0,0,0,5213014,0.692602827,10843,40044.30486,10.46899986,83.164299,23.889,1.297537381,66,0,0,1,0,0,5.25093333333333
"Finland",2004,0,0,0,5228172,0.806886262,11325,41522.17508,10.3579998,83.319923,24.009001,1.250960582,230,0,0,1,0,0,5.25093333333333
"Finland",2005,0,0,0,5246096,0.921169697,11809,42530.61968,8.383999825,83.839729,23.974001,1.278182249,283,0,0,0,0,0,5.25093333333333
"Finland",2006,0,0,0,5266268,1.035453132,11827,44074.03092,7.718999863,85.153214,23.716999,1.226741933,280,0,2,0,0,0,5.25093333333333
"Finland",2007,0,0,0,5288720,1.149736567,6204,46212.64097,6.854000092,87.29113,22.816,1.180294218,352,0,0,0,1,0,5.771225
"Finland",2008,0,0,0,5313399,1.264020001,6617,46358.62041,6.368999958,90.84034,23.283001,1.243147247,415,0,1,0,4,0,5.771225
"Finland",2009,0,0,0,5338871,1.378303436,7447,42412.09785,8.248999596,90.84034,26.870001,1.394245847,195,0,0,0,0,0,5.771225
"Finland",2010,0,0,0,5363352,1.492586871,8724,43563.5722,8.394000053,91.916023,27.341,1.451023955,244,0,0,0,5,0,5.771225
"Finland",2011,0,0,0,5388272,1.606870306,9175,44466.8177,7.781000137,95.05661,27.086,1.337892302,155,0,1,0,1,0,5.03573333333333
"Finland",2012,0,0,0,5413971,1.721153741,9919,43637.24867,7.68900013,97.726112,28.346001,1.359948666,205,0,0,0,3,0,5.03573333333333
"Finland",2013,0,0,0,5438972,1.835437176,11252,43044.99712,8.19299984,99.170792,29.422001,1.347879073,323,0,0,0,0,0,5.03573333333333
"Finland",2014,0,0,0,5461512,1.94972061,11798,42710.92129,8.663000107,100.2034,30.191,1.284697216,311,0,1,0,0,0,5.74598571428572
"Finland",2015,0,0,0,5479531,2.064004045,12703,42801.90812,9.376000404,99.995003,30.392,1.239444615,458,0,2,0,0,0,6.5603
"Finland",2016,0,0,0,5495303,2.260508365,18401,43878.96673,8.81799984,100.3517,29.816999,1.186568468,460,1,0,0,0,0,6.5603
"Finland",2017,1,0,1,5508214,2.457012685,20713,45173.62941,8.640000343,101.1083,28.882999,1.129138544,458,0,0,0,0,0,7.2826
"Finland",2018,0,0,0,5515525,2.653517004,22295,45627.91989,7.361000061,102.2042,28.707001,1.108641621,458,0,0,0,0,0,7.2826
"Finland",2019,0,0,0,5521606,2.851758502,23458,46135.88142,6.69,103.2508,29.419,1.174027967,459,0,0,0,0,0,4.31672
"Finland",2020,0,0,0,5529543,3.05,23428,44984.73445,7.76,103.5508,31,1.158638537,377,0,0,0,0,0,4.31672
"Finland",2021,0,0,0,5541017,4.962992189,24078,46259.19692,7.61,105.8233,30.342,1.158935119,384,0,2,0,0,0,4.31672
"France",1994,1,0,1,59327192,7.195740002,195288,29237.51659,12.59300041,73.940826,27.063999,1.571757343,11873,0,1,0,0,0,4.31672
"France",1995,8,2,10,59541899,7.384683756,155245,29745.12873,11.83600044,75.269173,28.332001,1.486776773,10627,4,0,0,4,0,6.8007
"France",1996,0,1,1,59753100,7.57362751,151329,30057.96555,12.36699963,76.761673,28.624001,1.469336387,14282,0,0,1,0,0,6.8007
"France",1997,0,0,0,59964851,7.762571264,146558,30650.74448,12.56599998,77.685837,28.492001,1.428552643,9028,0,1,0,0,0,2.63194
"France",1998,0,0,0,60186288,7.951515018,140215,31633.14775,12.07499981,78.191673,28.709,1.410389557,7334,0,0,1,0,0,2.63194
"France",1999,0,0,0,60496718,8.140458772,129722,32546.93405,11.98099995,78.611656,28.681,1.408566316,12234,0,0,0,0,0,2.63194
"France",2000,0,0,0,60912500,8.329402526,132508,33592.46683,10.21700001,79.929169,27.58,1.356837787,14079,0,0,0,0,0,2.63194
"France",2001,1,1,2,61357430,8.355609091,131601,34009.8624,8.609999657,81.235832,27.576,1.446430893,13169,0,3,0,0,0,2.63194
"France",2002,0,1,1,61805267,8.381815656,132182,34146.30627,8.701999664,82.798332,28.295,1.527242543,10822,2,0,0,0,0,6.8007
"France",2003,0,0,0,62244886,8.408022221,130838,34183.66334,8.305999756,84.535843,28.669001,1.559362862,6920,0,0,0,1,0,6.8007
"France",2004,0,1,1,62704895,8.434228785,139852,34893.52981,8.913999557,86.346657,28.749001,1.528328029,10606,0,1,0,0,0,6.8007
"France",2005,0,1,1,63179351,8.46043535,137316,35208.8558,8.493000031,87.854156,28.726,1.507329103,6828,0,0,0,0,0,6.8007
"France",2006,0,0,0,63621381,8.486641915,145996,35821.87199,8.447999954,89.325844,28.275,1.476394515,7464,0,1,1,2,1,6.8007
"France",2007,0,0,0,64016225,8.512848479,151789,36464.95927,7.657000065,90.654999,28.065001,1.459440804,8729,0,0,0,0,0,6.74985
"France",2008,0,1,1,64374984,8.539055044,171206,36354.65866,7.063000202,93.205002,28.327,1.538561921,10482,0,0,0,0,0,6.74985
"France",2009,0,0,0,64707040,8.565261609,196364,35129.36224,8.736000061,93.286667,31.018,1.662137695,10332,0,1,0,0,0,6.74985
"France",2010,0,1,1,65027507,8.591468174,200687,35638.12156,8.87100029,94.714996,31.035999,1.682863986,8880,1,1,1,0,1,6.74985
"France",2011,0,0,0,65342780,8.617674738,210207,36244.18716,8.81099987,96.714996,30.816999,1.63712143,8460,0,0,0,0,0,6.74985
"France",2012,2,0,2,65659809,8.643881303,217865,36182.15113,9.399999619,98.605003,31.358,1.625284134,8167,0,0,0,0,0,3.4952
"France",2013,1,3,4,65998687,8.670087868,232487,36203.19087,9.920999527,99.456673,31.875999,1.631691833,6833,2,1,0,0,0,3.4952
"France",2014,1,2,3,66312067,8.696294432,252264,36378.61866,10.29199982,99.96167,32.213001,1.632690085,8139,0,0,0,0,0,3.6653
"France",2015,4,5,9,66548272,8.722500997,273126,36652.92231,10.35900021,99.999168,31.982,1.622474564,7127,0,0,0,0,1,3.6653
"France",2016,7,3,10,66721256,8.864759805,304546,36956.7958,10.05700016,100.1825,31.969,1.629225528,7262,0,0,0,0,0,3.27686666666667
"France",2017,8,3,11,66865144,9.007018612,337143,37694.0833,9.397000313,101.2167,31.789,1.63455208,7328,0,0,1,0,0,5.920675
"France",2018,3,1,4,66977107,9.149277419,368352,38259.69777,9.059000015,103.09,31.195999,1.662579842,7408,0,1,0,0,0,5.920675
"France",2019,1,2,3,67388001,9.2896387095,407915,38832.0242,8.41,104.2325,30.739,1.637242655,7330,1,0,0,2,1,5.920675
"France",2020,6,1,7,67571107,9.43,436055,35712.0752,8.01,104.7292,34.876,1.771155553,7391,0,0,0,1,0,5.920675
"France",2021,2,1,3,67749632,9.149277419,499914,38045.90216,7.86,106.4492,32.661,1.708845322,7980,0,0,0,2,0,5.920675
"Germany",1994,0,0,0,81438348,3.760832285,1354600,31238.87906,8.727999687,73.817337,24.912001,1.551085075,44,1,0,0,0,2,6.0868
"Germany",1995,0,0,0,81678051,3.893670467,1267900,31628.15981,8.157999992,75.07679,25.211,1.577527829,44,2,0,0,0,0,6.0868
"Germany",1996,0,0,0,81914831,4.026508648,1266000,31790.86686,8.824999809,76.165199,25.806,1.599995836,4049,3,0,0,0,0,6.0868
"Germany",1997,0,0,0,82034771,4.159346829,1049000,32313.29707,9.862999916,77.642319,25.381001,1.605078653,2577,5,0,0,0,0,6.0868
"Germany",1998,0,0,0,82047195,4.29218501,949200,32959.07357,9.788000107,78.349777,25.351999,1.614012967,2613,1,0,0,1,0,3.28795
"Germany",1999,0,0,0,82100243,4.425023192,975500,33559.39937,8.854999542,78.808472,25.612,1.627449647,7153,5,0,0,0,0,3.28795
"Germany",2000,0,1,1,82211508,4.557861373,906000,34490.07577,7.916999817,79.943527,25.386999,1.577362749,7683,9,1,1,0,1,3.28795
"Germany",2001,0,0,0,82349925,4.682085209,903000,35011.06846,7.772999763,81.529488,25.408001,1.595873954,7011,4,0,1,0,0,3.28795
"Germany",2002,0,1,1,82488495,4.806309045,980000,34883.05807,8.482000351,82.687866,26.042,1.621749495,7647,2,1,0,0,0,3.28795
"Germany",2003,0,1,1,82534176,4.930532881,960395,34619.66407,9.779000282,83.543053,26.533001,1.616815204,3549,3,0,0,0,0,3.28795
"Germany",2004,0,1,1,82516260,5.054756717,876622,35034.08061,10.72700024,84.934647,25.934999,1.582836837,3291,1,1,1,0,2,3.28795
"Germany",2005,0,0,0,82469422,5.178980553,700016,35310.47047,11.16699982,86.248512,26.237,1.588333748,3082,4,0,1,0,0,4.9477
"Germany",2006,1,1,2,82376451,5.303204389,605406,36699.44678,10.25,87.609016,25.016001,1.539864491,3956,2,0,0,0,0,4.9477
"Germany",2007,0,1,1,82266372,5.427428225,578879,37842.35779,8.657999992,89.622566,24.073999,1.477545958,4960,2,0,0,0,0,4.9477
"Germany",2008,0,0,0,82110097,5.551652061,582735,38278.31301,7.524000168,91.978203,24.202999,1.486438195,4780,4,0,0,0,0,4.9477
"Germany",2009,0,0,0,81902307,5.675875897,593799,36190.39289,7.742000103,92.265846,26.643999,1.616940545,3956,1,0,0,0,0,6.0868
"Germany",2010,0,1,1,81776930,5.800099732,594269,37760.91363,6.96600008,93.284286,25.896999,1.567735143,5069,1,0,1,0,0,6.0868
"Germany",2011,1,2,3,80274983,5.924323568,571684,39977.34171,5.823999882,95.2201,24.662001,1.528794606,4862,1,1,0,0,0,6.0868
"Germany",2012,1,0,1,80425823,6.048547404,589737,40069.35396,5.379000187,97.132584,24.532,1.5420845,5505,1,1,0,0,0,6.0868
"Germany",2013,0,1,1,80645605,6.17277124,187567,40135.01583,5.230999947,98.594162,24.691,1.574403756,4793,0,1,1,0,0,4.9477
"Germany",2014,0,0,0,80982500,6.296995076,216973,40851.16173,4.980999947,99.488213,24.707001,1.559080832,2005,0,0,1,0,0,4.9477
"Germany",2015,1,1,2,81686611,6.421218912,316115,41103.25644,4.624000072,100,24.862,1.53953539,2105,0,1,0,6,0,4.9477
"Germany",2016,7,3,10,82348669,6.457539774,669482,41682.03224,4.122000217,100.4917,25.061001,1.548195654,1318,3,1,0,0,0,4.9477
"Germany",2017,1,4,5,82657002,6.493860636,970302,42639.55441,3.746000051,102.0087,25.051001,1.52428821,1802,1,1,0,0,0,4.9477
"Germany",2018,0,2,2,82905782,6.530181498,1063837,42928.74124,3.384000063,103.7756,25.143999,1.557812084,2239,1,0,0,0,0,4.9477
"Germany",2019,0,5,5,83092962,6.565090749,1146682,43284.60246,3.14,105.2759,25.59,1.622049602,2417,2,1,0,0,0,4.9477
"Germany",2020,1,2,3,83160871,6.6,1210596,41650.42271,3.86,105.4284,27.938,1.704806735,2461,1,2,1,2,0,4.9477
"Germany",2021,0,1,1,83196078,7.384683756,1255694,42726.48532,3.57,108.6615,27.639,1.674075102,2264,1,0,0,1,0,4.1664
"Greece",1994,0,0,0,10512922,3.993172944,7784,15692.01338,8.862999916,51.932419,16.259001,1.04388462,0,0,0,0,0,4,4.1664
"Greece",1995,0,0,0,10562153,4.097005555,4428,15946.82424,9.062000275,56.57233,16.6,0.931620944,0,0,1,0,0,0,4.1664
"Greece",1996,0,0,0,10608800,4.200838167,5780,16331.11767,9.654999733,61.208179,17.011,0.901620986,1000,0,0,0,0,0,4.4968
"Greece",1997,0,0,0,10661259,4.304670778,5520,16979.47641,9.576999664,64.596657,16.912001,0.921436551,817,0,0,0,0,0,4.4968
"Greece",1998,0,0,0,10720509,4.408503389,6145,17543.31383,10.83899975,67.675484,17.461,0.904500157,250,0,0,0,0,0,4.4968
"Greece",1999,0,0,0,10761698,4.512336001,6283,18013.14127,11.85299969,69.459839,17.973,1.000831698,800,2,1,0,0,0,4.4968
"Greece",2000,0,0,0,10805808,4.616168612,6653,18642.80207,11.24800014,71.648643,17.768,1.059843446,680,0,0,0,2,0,4.4968
"Greece",2001,0,0,0,10862132,4.696768752,6948,19312.38683,10.45600033,74.066048,18.636999,1.490204884,1951,0,0,0,0,1,4.4968
"Greece",2002,0,0,0,10902022,4.777368892,2788,19996.55181,9.975000381,76.754173,18.358999,1.504948304,1980,0,0,0,1,0,4.4968
"Greece",2003,0,0,0,10928070,4.857969032,2771,21104.83291,9.411999702,79.464104,18.181,1.491296293,280,0,0,0,0,0,4.4968
"Greece",2004,0,0,0,10955141,4.938569172,2489,22118.1558,10.31099987,81.767639,18.395,1.583763238,377,0,1,0,0,0,6.7365
"Greece",2005,0,0,0,10987314,5.019169312,2390,22185.52068,9.994000435,84.666359,19.875,1.54384878,377,0,0,0,0,0,6.7365
"Greece",2006,0,0,0,11020362,5.099769452,2289,23369.25172,9.008000374,87.372253,20.004,1.428889008,312,0,0,1,0,0,6.7365
"Greece",2007,0,0,0,11048473,5.180369592,2228,24072.89616,8.395999908,89.90168,20.417,1.494663009,549,0,1,0,0,0,6.7365
"Greece",2008,0,0,0,11077841,5.260969731,2164,23928.60572,7.760000229,93.635109,21.274,1.586426635,412,0,0,0,0,0,6.7365
"Greece",2009,0,0,0,11107017,5.341569871,1695,22839.34753,9.616000175,94.768173,23.973,1.78374328,389,0,0,0,1,0,4.4968
"Greece",2010,0,0,0,11121341,5.422170011,1444,21560.35335,12.7130003,99.234573,24.851,1.785592248,235,0,0,1,0,0,4.4968
"Greece",2011,0,0,0,11104899,5.502770151,1573,19400.80773,17.86499977,102.539,26.037001,1.732608502,189,0,1,0,0,0,5.085825
"Greece",2012,0,0,0,11045011,5.583370291,2100,18123.6711,24.43899918,104.0786,26.878,1.850903592,230,2,0,0,0,0,3.633325
"Greece",2013,0,0,0,10965211,5.663970431,3485,17796.25767,27.4659996,103.1188,25.089001,1.866548675,88,2,1,0,0,0,5.61665
"Greece",2014,0,0,0,10892413,5.744570571,10304,18000.41846,26.49099922,101.7667,25.173,2.106276812,62,0,1,0,0,0,5.61665
"Greece",2015,0,0,0,10820883,5.825170711,24838,18083.87791,24.89699936,100,25.424999,2.083963817,64,0,0,0,0,0,5.84735
"Greece",2016,0,0,0,10775971,5.858057195,46427,18070.78073,23.53899956,99.174339,25.739,2.148588655,58,0,0,0,0,0,5.84735
"Greece",2017,0,0,0,10754679,5.890943678,38948,18304.30768,21.48800087,100.2863,24.849001,2.109117042,53,1,1,0,0,0,5.84735
"Greece",2018,0,0,0,10731726,5.923830162,61460,18647.49572,19.29199982,100.9138,23.451,2.060487074,56,1,0,0,0,0,5.84735
"Greece",2019,0,0,0,10721582,5.956915081,80454,19018.90212,17.31,101.1691,25.082,2.099795056,156,0,1,0,0,0,4.8156
"Greece",2020,0,0,0,10698599,5.99,103101,17343.60999,16.31,99.9065,27.86,2.377786746,162,0,2,0,0,0,4.8156
"Greece",2021,0,0,0,10641221,5.92,119650,18907.84914,14.71,101.1292,26.1,2.198436028,166,0,0,0,0,0,4.8156
"Iceland",1994,0,0,0,266021,0.112111541,160,39187.58308,5.326000214,39.771549,14.769,1.579390321,0,0,0,0,1,0,4.8156
"Iceland",1995,0,0,0,267468,0.116782855,197,34188.35059,5.196000099,40.428268,15.053,1.475333898,0,0,0,1,0,0,6.26095
"Iceland",1996,0,0,0,268916,0.121454169,232,35557.27725,3.599999905,41.342121,14.741,1.47839559,0,0,0,0,1,0,6.26095
"Iceland",1997,0,0,0,271128,0.126125484,260,37302.66803,3.720000029,42.092659,14.147,1.496880944,0,0,2,2,0,0,6.26095
"Iceland",1998,0,0,0,274047,0.130796798,294,39622.60698,3.069000006,42.79108,14.254,1.488878923,0,0,0,0,0,0,6.26095
"Iceland",1999,0,0,0,277381,0.135468112,254,40725.88604,2.177999973,44.174011,14.528,1.432140667,0,0,0,0,0,0,6.26095
"Iceland",2000,0,0,0,281205,0.140139426,244,42174.66506,1.93599999,46.443001,14.628,1.430275486,0,0,0,0,1,0,6.26095
"Iceland",2001,0,0,0,284968,0.142444786,213,43288.0763,1.873999953,49.417709,14.674,1.386451466,0,0,1,0,0,0,6.26095
"Iceland",2002,0,0,0,287523,0.144750146,207,43143.46058,2.987999916,51.985958,16.054001,1.496998439,0,0,0,0,0,0,6.26095
"Iceland",2003,0,0,0,289521,0.147055507,239,43763.77561,3.996999979,53.054619,17.131001,1.364400265,0,0,0,0,0,0,6.26095
"Iceland",2004,0,0,0,292074,0.149360867,239,46766.01687,4.031000137,54.73019,16.756001,1.409207184,0,0,1,0,0,0,6.26095
"Iceland",2005,0,0,0,296734,0.151666227,293,48850.76586,2.546999931,56.9123,15.948,1.440172494,0,0,0,0,0,0,6.26095
"Iceland",2006,0,0,0,303782,0.153971587,267,50731.69069,2.829999924,60.718071,15.499,1.337724567,20,0,0,1,0,0,6.26095
"Iceland",2007,0,0,0,311566,0.156276947,49,53646.36902,2.250999928,63.78529,14.622,1.292320614,15,0,0,0,0,0,5.78215
"Iceland",2008,0,0,0,317414,0.158582307,49,53821.47082,2.946000099,71.882446,15.061,1.365661488,11,0,0,0,0,0,5.78215
"Iceland",2009,0,0,0,318499,0.160887667,62,49527.39883,7.21999979,80.510582,17.285,1.292320614,0,0,0,1,0,0,2.63155
"Iceland",2010,0,0,0,318041,0.163193027,83,48193.7014,7.56400013,84.855522,16.902,1.428372665,0,0,0,0,0,1,2.63155
"Iceland",2011,0,0,0,319014,0.165498387,58,48933.54566,7.027999878,88.25061,17.028999,1.373020074,0,0,0,0,0,1,2.63155
"Iceland",2012,0,0,0,320716,0.167803747,60,49191.57442,6,92.827202,16.667999,1.365661488,0,0,0,0,2,0,2.63155
"Iceland",2013,0,0,0,323764,0.170109107,79,50946.81626,5.375999928,96.421722,16.205999,1.364400265,0,0,0,0,0,0,6.26095
"Iceland",2014,0,0,0,327386,0.172414467,99,51233.24405,4.896999836,98.393181,16.334,1.44151956,0,0,0,1,2,0,6.26095
"Iceland",2015,0,0,0,330815,0.174719828,179,52951.68151,3.979000092,100,15.482,1.486890833,0,0,0,0,0,0,6.26095
"Iceland",2016,0,0,0,335439,0.181730481,179,55513.6423,2.977999926,101.6969,15.093,1.33316532,0,0,1,0,0,0,6.26095
"Iceland",2017,0,0,0,343400,0.188741135,321,56501.45768,2.742000103,103.4872,15.944,1.451688206,0,0,1,0,0,0,5.76525
"Iceland",2018,0,0,0,352721,0.195751788,573,57697.80442,2.703999996,106.2637,16.011999,1.440367066,0,0,0,1,1,0,5.76525
"Iceland",2019,0,0,0,360563,0.202875894,894,57461.80196,3.51,109.4665,18.691,1.475333898,0,0,0,1,1,0,5.76525
"Iceland",2020,0,0,0,366463,0.21,1460,52442.36177,5.48,112.584,23.013,1.602226607,0,0,0,0,0,0,5.76525
"Iceland",2021,0,0,0,372520,0.44305917,1830,53825.26159,6.02,117.5875,22.312,1.652306383,0,0,0,1,0,0,4.5687
"Ireland",1994,0,0,0,3590386,0.511473784,400,25954.70535,14.56999969,64.284958,18.077999,1.779224667,93,0,1,0,0,0,3.98376666666667
"Ireland",1995,0,0,0,3608841,0.532361463,400,28309.77569,11.9829998,65.908073,17.542,1.800660761,647,0,0,0,0,0,3.98376666666667
"Ireland",1996,0,0,0,3637510,0.553249141,69,30159.3419,11.71700001,67.063919,16.570999,1.777798286,624,0,0,0,0,0,3.98376666666667
"Ireland",1997,0,0,0,3674171,0.57413682,430,33149.33488,10.20300007,68.087051,15.514,1.710395672,613,0,0,0,1,0,7.0411
"Ireland",1998,0,0,0,3712696,0.595024498,600,35681.11682,7.698999882,69.731697,14.561,1.740142795,608,0,0,0,0,0,7.0411
"Ireland",1999,0,0,0,3754786,0.615912177,2835,38996.20661,5.803999901,70.869667,13.705,1.559713849,658,0,0,1,0,0,7.0411
"Ireland",2000,0,0,0,3805174,0.636799855,2543,42098.27937,4.31799984,74.831787,13.193,1.497014212,815,0,0,0,2,0,7.0411
"Ireland",2001,0,0,0,3866243,0.674313505,3598,43631.69631,3.683000088,78.478279,14.023,1.527247192,706,0,0,0,0,0,7.0411
"Ireland",2002,0,0,0,3931947,0.711827156,5380,45433.57889,4.215000153,82.099854,14.911,1.451001447,376,1,0,0,0,0,7.0411
"Ireland",2003,0,0,0,3996521,0.749340806,5971,46046.65348,4.478000164,84.96553,15.405,1.428077603,272,0,0,0,0,0,7.0411
"Ireland",2004,0,0,0,4070262,0.786854456,6542,48281.50838,4.491000175,86.834457,15.682,1.440172494,67,0,0,0,0,0,7.0411
"Ireland",2005,0,0,0,4159914,0.824368106,7113,49952.50294,4.342000008,88.944267,15.911,1.386451466,66,0,0,0,1,0,7.0411
"Ireland",2006,0,0,0,4273591,0.861881756,7917,51049.05497,4.414999962,92.441231,15.889,1.430275486,63,0,0,0,0,3,7.0411
"Ireland",2007,0,0,0,4398942,0.899395406,9333,52227.89555,4.980000019,96.968193,16.754999,1.505963051,110,0,2,0,0,0,5.50573333333333
"Ireland",2008,0,0,0,4489544,0.936909056,9730,48879.22787,6.774000168,100.9054,19.785,1.748355187,598,1,0,0,0,0,5.50573333333333
"Ireland",2009,0,0,0,4535375,0.974422706,9571,45919.68274,12.60900021,96.386742,23.737,1.733327739,502,0,0,1,0,0,5.50573333333333
"Ireland",2010,0,0,0,4560155,1.011936356,9107,46438.76969,14.53299999,95.497963,24.568001,1.662518183,485,1,0,0,0,0,5.50573333333333
"Ireland",2011,0,0,0,4580084,1.049450007,8248,46622.23949,15.35299969,97.940033,23.672001,1.581881167,68,0,0,0,0,0,5.0312
"Ireland",2012,0,0,0,4599533,1.086963657,6327,46422.52574,15.45100021,99.601303,23.355,1.468589399,496,0,0,0,0,0,5.0312
"Ireland",2013,0,0,0,4623816,1.124477307,6001,46698.55665,13.73499966,100.108,22.187,1.429556962,400,0,1,0,3,0,5.0312
"Ireland",2014,0,0,0,4657740,1.161990957,5853,50368.13774,11.85700035,100.2907,20.403999,1.34956074,380,0,1,0,0,0,5.0312
"Ireland",2015,0,0,0,4701957,1.199504607,6125,62053.98444,9.906000137,100,15.514,1.047207019,352,0,1,0,0,0,5.0312
"Ireland",2016,0,0,0,4755335,1.286936464,5731,62588.66828,8.373999596,100.0083,14.927,1.050703764,374,0,1,0,0,0,3.2186
"Ireland",2017,0,0,0,4807388,1.37436832,6324,67486.2718,6.711999893,100.3489,14.336,1.013947265,371,0,1,0,2,0,3.2186
"Ireland",2018,0,0,0,4867309,1.461800177,6041,72339.42185,5.739999771,100.8389,14.378,1.020040264,535,0,0,0,0,0,3.2186
"Ireland",2019,0,0,0,4934340,1.5509000885,7795,75239.30289,4.95,101.7859,12.868,0.947649785,521,0,1,0,0,0,3.2186
"Ireland",2020,0,0,0,4985382,1.64,9035,79074.54014,5.62,101.4453,15.694,0.937615803,627,0,0,0,2,0,4.27614
"Ireland",2021,0,0,0,5033165,1.639703345,9571,88966.67216,6.19,103.8375,14.178,0.818020625,524,0,0,0,2,0,4.27614
"Italy",1994,0,0,0,56843400,1.856307267,73060,28444.41025,11.09300041,63.230709,22.054001,1.872246567,124,0,1,1,0,0,6.98808
"Italy",1995,0,0,0,56844303,1.930309412,74302,29265.08905,11.66899967,66.541107,21.120001,1.914609683,126,0,1,0,0,0,4.5
"Italy",1996,0,0,0,56860281,2.004311556,64711,29627.48695,11.8739996,69.207397,21.517,2.005597813,2327,0,0,0,0,0,3.24638
"Italy",1997,0,0,0,56890372,2.078313701,66620,30153.77518,11.9989996,70.621384,22.219,1.97728344,4911,0,0,0,0,0,3.24638
"Italy",1998,0,0,0,56906744,2.152315846,5473,30690.91172,12.11900043,72.002083,22.378,2.009560295,2627,0,0,0,0,0,3.92338571428571
"Italy",1999,0,0,0,56916317,2.22631799,6024,31184.61639,11.68999958,73.199806,22.809,1.983237026,6145,0,0,0,0,0,3.80622857142857
"Italy",2000,0,0,0,56942108,2.300320135,6849,32350.90437,10.84200001,75.057388,22.677,1.979117575,8176,0,0,0,0,0,3.40367777777778
"Italy",2001,0,1,1,56974100,2.455738559,8571,32963.67061,9.595000267,77.147873,22.934999,1.832553149,7139,0,0,0,0,0,7.2351
"Italy",2002,0,1,1,57059007,2.611156983,10060,32998.20319,9.206999779,79.049797,23.349001,1.898302614,7642,0,1,1,5,0,7.2351
"Italy",2003,0,2,2,57313203,2.766575408,12841,32897.39078,8.866000175,81.16246,23.679001,1.966884186,3411,2,1,0,0,0,7.2351
"Italy",2004,0,1,1,57685327,2.921993832,15674,33150.47622,7.866000175,82.953499,23.933001,1.893454537,5315,0,0,1,0,0,7.2351
"Italy",2005,0,1,1,57969484,3.077412256,20675,33257.7698,7.730999947,84.600372,24.173,1.910573485,6072,0,1,0,0,0,6.59055
"Italy",2006,0,1,1,58143979,3.232830681,26875,33751.70002,6.77699995,86.369232,24.299,1.825287624,5616,1,0,0,1,0,3.10415714285714
"Italy",2007,0,1,1,58438310,3.388249105,38068,34081.09033,6.074999809,87.949562,24.138,1.801231305,3998,0,1,0,0,0,3.10415714285714
"Italy",2008,0,1,1,58826731,3.543667529,47061,33530.36014,6.72300005,90.893967,25.084,1.754290195,5290,0,0,0,0,0,7.4733
"Italy",2009,1,1,2,59095365,3.699085953,54965,31615.27081,7.749000072,91.598183,27.105,1.950666344,5294,0,1,3,0,0,7.4733
"Italy",2010,0,0,0,59277417,3.854504378,56397,32058.17399,8.362999916,92.995529,27.124001,1.925674715,5878,0,0,0,0,0,7.4733
"Italy",2011,0,0,0,59379449,4.009922802,58060,32229.45679,8.359000206,95.581398,26.804001,1.918476951,5448,1,0,0,1,0,4.5
"Italy",2012,0,1,1,59539717,4.165341226,64779,31184.55843,10.65499973,98.488373,27.59,1.872246567,6065,0,1,0,0,0,4.5
"Italy",2013,0,0,0,60233948,4.320759651,76264,30257.62743,12.14900017,99.689934,28.167,1.891302149,5255,0,0,0,1,0,5.19539
"Italy",2014,0,0,0,60789140,4.476178075,93715,29979.91872,12.68299961,99.930229,28.364,1.852519126,4074,0,1,1,0,0,5.2208
"Italy",2015,0,0,0,60730582,4.631596499,118047,30242.38614,11.89599991,99.968987,28.481001,1.851808222,2707,0,0,0,1,0,5.2208
"Italy",2016,0,0,0,60627498,4.889067932,147370,30685.6459,11.68799973,99.875,28.301001,1.812727874,2143,1,1,0,0,0,5.37693333333333
"Italy",2017,0,0,0,60536709,5.146539364,167260,31244.2271,11.21100044,101.1,28.143999,1.807044231,3453,0,0,0,0,0,5.37693333333333
"Italy",2018,0,0,0,60421760,5.404010797,189243,31593.48026,10.60999966,102.25,27.91,1.839179304,4325,0,0,0,4,0,2.60023333333333
"Italy",2019,0,0,0,59729081,5.6620053985,207602,32114.29986,9.95,102.875,27.732,1.826344997,3959,0,0,0,1,0,1.98432
"Italy",2020,0,0,0,59438851,5.92,128033,29373.44509,9.16,102.7333,32.628,1.999554611,3765,0,0,0,2,0,1.98432
"Italy",2021,0,0,0,59109668,5.923830162,144862,31600.70948,9.5,104.6583,30.732,1.884346565,4032,0,1,1,0,0,3.5526
"Luxembourg",1994,0,0,0,402925,1.473869925,300,74883.14185,3.480000019,66.690483,19.105,0.821720769,0,0,0,0,0,0,4.86845
"Luxembourg",1995,0,0,0,408625,1.529147732,700,74896.09658,2.917999983,67.93605,19.882,0.740271927,0,0,1,0,0,0,4.86845
"Luxembourg",1996,0,0,0,414225,1.584425538,700,74916.50677,3.286000013,68.740318,19.729,0.75220414,0,0,0,0,0,0,4.86845
"Luxembourg",1997,0,0,0,419450,1.639703345,700,77993.05853,2.52699995,69.680351,19.863001,0.762990149,22,0,0,1,0,0,4.86845
"Luxembourg",1998,0,0,0,424700,1.694981152,700,82170.23992,2.763000011,70.348282,20.153999,0.743668888,25,0,1,0,0,0,4.86845
"Luxembourg",1999,0,0,0,430475,1.750258959,700,87695.33958,2.390000105,71.069489,19.499001,0.890533176,23,0,1,0,0,0,6.51315
"Luxembourg",2000,0,0,0,436300,1.805536765,759,92527.71181,2.345000029,73.308723,18.698999,0.891140284,23,0,0,0,0,0,6.51315
"Luxembourg",2001,0,0,0,441525,1.852498639,1201,94243.70732,1.804999948,75.261543,20.391001,0.949397121,23,0,0,0,0,0,6.51315
"Luxembourg",2002,0,0,0,446175,1.899460513,1201,96269.57939,2.621000051,76.822533,21.427999,1.000370158,23,0,0,0,0,0,6.51315
"Luxembourg",2003,0,0,0,451630,1.946422386,1201,97597.99692,3.674999952,78.39727,22.809,1.062518067,33,0,0,0,0,0,6.51315
"Luxembourg",2004,0,0,0,458095,1.99338426,1590,100292.5685,5.112999916,80.142143,23.077,1.077660038,32,0,0,1,0,0,4.86845
"Luxembourg",2005,0,0,0,465158,2.040346133,1822,101222.0457,4.487999916,82.135834,22.833,1.064964783,58,0,0,0,2,0,4.86845
"Luxembourg",2006,0,0,0,472637,2.087308007,2206,105614.1799,4.730999947,84.325844,21.396999,0.967450588,33,0,1,0,0,0,4.86845
"Luxembourg",2007,0,0,0,479993,2.134269881,2737,112417.8785,4.065000057,86.275833,20.211,0.891931334,13,0,1,0,5,0,4.86845
"Luxembourg",2008,0,0,0,488650,2.181231754,3109,110094.7923,5.059999943,89.210831,21.937,0.93903311,12,0,0,0,2,0,4.86845
"Luxembourg",2009,0,0,0,497783,2.228193628,3230,104574.3499,5.122000217,89.539169,24.037001,1.025975486,13,0,0,0,0,0,4.86845
"Luxembourg",2010,0,0,0,506953,2.275155501,3254,106544.0572,4.361000061,91.574997,23.139,1.04388462,12,0,0,0,0,0,4.86845
"Luxembourg",2011,0,0,0,518347,2.322117375,2855,105290.249,4.901000023,94.698334,21.190001,1.016642184,10,0,0,0,0,0,4.86845
"Luxembourg",2012,0,0,0,530946,2.369079249,2910,104487.7442,5.139999866,97.220001,22.889,1.025659743,15,0,0,0,0,0,4.86845
"Luxembourg",2013,0,0,0,543360,2.416041122,920,105338.9561,5.84800005,98.90583,23.08,1.019644057,15,0,0,0,0,2,4.42106
"Luxembourg",2014,0,0,0,556319,2.463002996,1108,105583.937,5.852000237,99.527496,22.367001,0.992784555,12,0,1,0,0,0,4.42106
"Luxembourg",2015,0,0,0,569604,2.509964869,1332,105462.0126,6.669000149,100,22.097,0.999984481,3,0,0,0,0,0,4.42106
"Luxembourg",2016,0,0,0,582014,2.670284958,2046,108351.4522,6.290999889,100.2908,22.184,0.980093164,2,0,0,1,0,0,4.42106
"Luxembourg",2017,0,0,0,596336,2.830605046,1995,107142.1276,5.521999836,102.0267,22.566,1.061178162,3,0,2,0,1,0,4.42106
"Luxembourg",2018,0,0,0,607950,2.990925134,2046,106376.7836,5.585000038,103.5858,22.405001,1.109792219,3,0,1,0,2,0,4.1228
"Luxembourg",2019,0,0,0,620001,3.150462567,2548,106729.0249,5.59,105.3917,21.617,1.227266259,4,0,0,0,0,0,4.1228
"Luxembourg",2020,0,0,0,630419,3.31,5158,104128.2421,6.77,106.2558,23.92,1.282058268,4,0,0,1,0,0,4.1228
"Luxembourg",2021,0,0,0,640064,2.698245888,6011,107792.189,5.25,108.9408,21.595,1.20885215,4,0,3,0,1,0,4.1228
"Netherlands",1994,0,0,0,15382838,4.616721212,62163,32840.2781,7.15899992,66.241386,23.136,1.474190467,1698,0,0,1,0,0,5.15553333333333
"Netherlands",1995,0,0,0,15459006,4.789856701,79960,33696.74383,7.157000065,67.515373,22.448999,1.409207184,1508,0,0,0,0,10,5.15553333333333
"Netherlands",1996,0,0,0,15530498,4.962992189,102588,34715.16163,6.421000004,68.942497,22.541,1.423286181,2000,0,3,1,3,0,5.15553333333333
"Netherlands",1997,0,0,0,15610650,5.136127678,118071,36032.04025,5.511000156,70.396667,20.5,1.397657745,988,0,0,1,0,0,5.15553333333333
"Netherlands",1998,0,0,0,15707209,5.309263166,131490,37480.70945,4.394000053,71.775833,20.246,1.411126187,1220,0,0,1,3,0,5.15553333333333
"Netherlands",1999,0,0,0,15812088,5.482398654,138646,39106.38816,3.622999907,73.324173,19.445999,1.427791512,1621,0,1,0,0,0,5.15553333333333
"Netherlands",2000,0,0,0,15925513,5.655534143,146180,40456.94224,2.724999905,75.055,18.849001,1.484932755,2718,2,0,0,0,0,5.15553333333333
"Netherlands",2001,0,0,0,16046180,5.735381204,151928,41087.04217,2.118999958,78.174156,18.905001,1.571757343,2557,0,1,0,0,0,5.15553333333333
"Netherlands",2002,0,0,0,16148929,5.815228266,148362,40914.3255,2.553999901,80.744164,19.32,1.66760786,2603,0,1,0,0,0,7.28223333333333
"Netherlands",2003,0,0,0,16225302,5.895075327,140886,40785.12222,3.592999935,82.433327,20.094,1.750550886,1680,0,1,0,0,0,5.9308
"Netherlands",2004,1,1,2,16281779,5.974922389,126805,41450.40427,4.645999908,83.474998,19.978001,1.749904588,2253,0,0,0,0,0,5.9308
"Netherlands",2005,0,1,1,16319868,6.05476945,118189,42201.77541,5.872000217,84.884163,20.228001,1.723959534,2253,0,1,0,0,1,5.9308
"Netherlands",2006,0,0,0,16346101,6.134616512,100574,43592.30274,5.001999855,85.819168,16.468,1.766156983,2209,0,0,0,0,0,6.6429
"Netherlands",2007,0,0,0,16381696,6.214463574,86587,45138.67844,4.152999878,87.20417,16.582001,1.815010417,2323,0,0,0,0,0,5.24086666666667
"Netherlands",2008,0,0,0,16445593,6.294310635,77600,45939.1482,3.654000044,89.372498,15.734,1.832823958,1852,0,0,0,2,0,5.24086666666667
"Netherlands",2009,1,0,1,16530388,6.374157697,76008,44027.60256,4.347000122,90.435837,17.361,2.010268196,1952,0,0,1,0,0,5.24086666666667
"Netherlands",2010,0,0,0,16615394,6.454004758,74961,44390.50441,4.988999844,91.589157,17.782,1.944657823,2243,1,0,0,0,0,6.34915
"Netherlands",2011,0,0,0,16693074,6.53385182,74598,44869.31294,4.977000237,93.73333,17.747,1.900027523,466,0,0,0,0,0,6.34915
"Netherlands",2012,0,0,0,16754962,6.613698881,71909,44242.97353,5.821000099,96.035004,18.214001,1.921845854,267,0,0,1,1,0,6.06145
"Netherlands",2013,0,0,0,16804432,6.693545943,74707,44055.30426,7.243000031,98.442497,18.452,1.96347108,505,0,0,0,0,3,6.06145
"Netherlands",2014,0,0,0,16865008,6.773393004,82494,44521.89454,7.415999889,99.403343,18.098,1.868485318,406,0,0,0,0,0,6.06145
"Netherlands",2015,1,0,1,16939923,6.853240066,88536,45193.40322,6.872000217,100,17.729,1.906209783,584,0,0,0,0,0,6.06145
"Netherlands",2016,0,0,0,17030314,6.937666795,101744,45938.78504,6.006000042,100.3167,17.487,1.9034725,754,0,0,0,0,0,6.06145
"Netherlands",2017,0,0,0,17131296,7.022093523,103818,46997.34545,4.839000225,101.7025,16.999001,1.806824124,606,0,1,0,0,0,5.82093333333333
"Netherlands",2018,1,2,3,17231624,7.106520252,101837,47826.81912,3.829999924,103.435,16.679001,1.846935361,558,0,0,0,1,1,5.82093333333333
"Netherlands",2019,1,1,2,17344874,7.193260126,94417,48443.73205,3.38,106.1592,16.321,1.846369557,718,0,1,0,0,0,5.82093333333333
"Netherlands",2020,0,0,0,17441500,7.28,95897,46303.21886,3.82,107.51,18.921,2.015115564,240,0,0,1,1,0,5.82093333333333
"Netherlands",2021,0,1,1,17533044,8.329402526,99585,48301.52896,4.21,110.3867,18.671,1.922495971,247,0,3,0,0,0,5.9914
"Norway",1994,0,0,0,4336613,1.446013351,44617,56343.01054,5.348999977,65.708344,23.080999,0.98447669,1236,0,0,0,13,0,5.9914
"Norway",1995,0,0,0,4359184,1.501964009,47607,58380.56847,6.30700016,67.324997,22.474001,1.000064373,1482,0,0,1,0,0,5.9914
"Norway",1996,0,0,0,4381336,1.557914666,48409,61005.90835,5.035999775,68.175003,21.681,0.98447669,1366,0,1,0,0,0,3.3706
"Norway",1997,0,0,0,4405157,1.613865323,47381,63882.4765,4.686999798,69.925003,21.183001,0.95729581,1197,0,0,0,0,0,5.21826666666667
"Norway",1998,0,0,0,4431464,1.66981598,45334,65197.94631,3.736999989,71.5,22.634001,1.043606396,1327,0,0,0,0,0,5.21826666666667
"Norway",1999,0,0,0,4461913,1.725766638,43440,66094.73546,3.246999979,73.191673,22.551001,1.102324505,800,0,1,0,0,0,5.21826666666667
"Norway",2000,0,0,0,4490967,1.781717295,47693,67846.59685,3.457999945,75.449997,20.402,0.973937874,1125,0,0,0,0,0,3.3706
"Norway",2001,0,0,0,4513751,2.021455141,50128,68899.5269,3.737999916,77.716667,21.231001,0.985612789,1105,1,0,1,0,0,6.29923333333333
"Norway",2002,0,0,0,4538159,2.261192988,50432,69472.98367,4.021999836,78.716667,22.722,1.131115049,1135,0,0,1,0,0,6.29923333333333
"Norway",2003,0,0,0,4564855,2.500930834,46109,69719.31227,4.221000195,80.675003,23.655001,1.098765463,295,0,1,1,0,0,6.29923333333333
"Norway",2004,0,0,0,4591910,2.740668681,44046,72091.0133,4.256000042,81.041656,22.296,1.022478716,272,0,1,0,0,0,6.29923333333333
"Norway",2005,0,0,0,4623291,2.980406527,43034,73524.25492,4.381000042,82.283333,20.747999,0.887945499,284,0,0,0,0,0,3.20366666666667
"Norway",2006,0,0,0,4660677,3.220144374,43336,74729.76321,3.398999929,84.199997,19.488001,0.852360019,475,0,1,0,0,0,3.20366666666667
"Norway",2007,0,0,0,4709153,3.45988222,34522,76115.70667,2.493000031,84.800003,19.596001,0.845299474,606,0,1,0,0,0,3.20366666666667
"Norway",2008,0,0,0,4768212,3.699620067,36101,75535.21179,2.549999952,87.98333,19.212,0.821720769,546,1,0,0,0,0,3.20366666666667
"Norway",2009,0,0,0,4828726,3.939357913,37826,73141.30734,3.102999926,89.916656,22.436001,0.956235606,483,0,0,0,0,0,3.20366666666667
"Norway",2010,0,1,1,4889252,4.179095759,40260,72804.39562,3.520999908,92.091667,22.025999,0.947065363,672,0,0,1,0,0,3.20366666666667
"Norway",2011,0,0,0,4953088,4.418833606,40691,72660.67541,3.214999914,93.275002,21.497,0.925955434,361,1,0,0,0,0,3.20366666666667
"Norway",2012,0,0,0,5018573,4.658571452,42822,73661.67859,3.122999907,93.925003,21.426001,0.920327673,565,0,1,1,0,2,3.20366666666667
"Norway",2013,0,0,0,5079623,4.898309299,46106,73515.91449,3.423000097,95.916656,21.893999,0.985600529,148,0,1,0,0,0,8.32945
"Norway",2014,0,0,0,5137232,5.138047145,47043,74180.32387,3.483999968,97.875,22.827999,1.02365183,114,0,0,0,0,0,8.32945
"Norway",2015,0,0,0,5188607,5.377784992,50389,74809.9658,4.296000004,100,24.701,1.072941095,79,0,0,0,0,0,8.32945
"Norway",2016,0,0,0,5234519,5.550004703,59522,75017.49447,4.678999901,103.55,25.733999,1.168536816,130,0,0,0,0,0,8.32945
"Norway",2017,0,1,1,5276968,5.722224414,59160,76247.41166,4.162000179,105.4917,25.336,1.158682059,304,0,3,1,0,0,8.32945
"Norway",2018,0,1,1,5311916,5.894444126,57026,76373.64746,3.799999952,108.4083,24.976999,1.173765032,189,0,2,0,0,0,7.26853333333333
"Norway",2019,0,0,0,5347896,6.067222063,53882,76712.28713,3.69,110.7583,25.278,1.220566276,222,1,1,0,0,0,6.9143
"Norway",2020,0,0,0,5379475,6.24,49653,75287.20595,4.42,112.1833,28.159,1.277742068,241,0,2,0,0,0,6.29923333333333
"Norway",2021,0,1,1,5408320,5.704184414,46042,77805.00755,4.37,116.0917,24.362,1.078349899,150,0,2,0,0,0,4.01355
"Portugal",1994,0,0,0,9991525,0.340322551,248,15193.05474,6.712999821,61.812191,15.236,1.559713849,0,0,0,0,0,0,4.01355
"Portugal",1995,0,0,0,10026176,0.354119597,248,15788.98311,7.06400013,64.422401,16.016001,1.561173231,0,2,0,0,0,0,4.0492
"Portugal",1996,0,0,0,10063945,0.367916643,308,16280.93715,7.297999859,66.399513,16.594999,1.586936674,900,0,0,0,0,0,4.0492
"Portugal",1997,0,0,0,10108977,0.38171369,319,16921.72194,6.571000099,67.95118,16.437,1.638116167,319,0,0,0,0,0,4.0492
"Portugal",1998,0,0,0,10160196,0.395510736,339,17645.90583,4.65199995,69.699387,16.829,1.799945347,350,0,0,0,0,0,4.0492
"Portugal",1999,0,0,0,10217828,0.409307782,379,18231.83976,4.578000069,71.330429,17.236,1.677771363,635,0,1,1,0,0,4.0492
"Portugal",2000,0,0,0,10289898,0.423104828,433,18795.03115,3.809000015,73.365509,18.468,1.734399896,675,0,0,1,0,0,4.0492
"Portugal",2001,0,0,0,10362722,0.424435118,449,19025.69569,3.828000069,76.57151,18.948,1.740290807,643,0,1,0,1,0,4.0492
"Portugal",2002,0,0,0,10419631,0.425765407,462,19067.65543,4.497000217,79.328346,20.281,1.824189572,663,0,1,1,0,0,7.15855
"Portugal",2003,0,0,0,10458821,0.427095697,418,18819.44374,6.131999969,81.88192,21.323999,1.98692583,470,1,1,0,0,0,7.15855
"Portugal",2004,0,0,0,10483861,0.428425986,377,19110.32084,6.316999912,83.818733,21.653999,1.926063086,466,0,0,0,1,0,7.15855
"Portugal",2005,0,0,0,10503330,0.429756276,363,19224.03465,7.581999779,85.727409,22.287001,1.962483087,466,0,1,0,0,2,4.0492
"Portugal",2006,0,0,0,10522288,0.431086565,333,19501.23301,7.646999836,88.391533,22.018999,1.866871914,401,0,0,0,0,1,4.0492
"Portugal",2007,0,0,0,10542964,0.432416854,353,19950.8441,7.964000225,90.560631,21.726999,1.810997497,385,0,0,0,0,0,4.0492
"Portugal",2008,0,0,0,10558177,0.433747144,403,19985.69833,7.552000046,92.9048,22.184,1.831646601,331,0,0,0,0,0,4.0492
"Portugal",2009,0,0,0,10568247,0.435077433,389,19343.28005,9.43200016,92.128563,24.542,2.055383214,278,0,1,0,0,0,4.0492
"Portugal",2010,0,0,0,10573100,0.436407723,384,19670.36107,10.77000046,93.420723,24.474001,1.995526115,351,0,2,0,0,0,4.0492
"Portugal",2011,0,0,0,10557560,0.437738012,408,19365.18165,12.67700005,96.833389,24.388,1.976306458,223,0,0,0,0,0,7.15855
"Portugal",2012,0,0,0,10514844,0.439068302,483,18654.95753,15.52700043,99.518913,24.525,1.856364977,397,0,1,0,0,0,7.15855
"Portugal",2013,0,0,0,10457295,0.440398591,598,18584.55405,16.18300056,99.792007,25.573,2.049958054,147,0,1,0,0,0,7.15855
"Portugal",2014,0,0,0,10401062,0.441728881,699,18833.05183,13.89400005,99.514427,25.069,1.90006349,166,0,0,0,0,0,7.15855
"Portugal",2015,0,0,0,10358076,0.44305917,853,19250.10654,12.44400024,100,24.039,1.853776328,91,0,1,2,0,0,6.1221
"Portugal",2016,0,0,0,10325452,0.457203018,1194,19700.91,11.06599998,100.6074,23.673,1.782488803,59,0,1,0,0,0,6.1221
"Portugal",2017,0,0,0,10300300,0.471346867,1569,20441.4858,8.866999626,101.9843,23.711,1.702968876,56,0,0,0,0,0,6.1221
"Portugal",2018,0,0,0,10283822,0.485490715,2136,21057.61748,6.993000031,102.9978,22.613001,1.636325043,58,0,1,0,1,0,6.1221
"Portugal",2019,0,0,0,10286263,0.4977453575,2375,21617.41162,6.46,103.3461,22.341,1.646715455,458,0,0,0,0,0,4.0492
"Portugal",2020,0,0,0,10297081,0.51,2405,19802.22902,6.8,103.3332,25.113,1.878920526,498,1,1,1,0,0,4.0492
"Portugal",2021,0,0,0,10325147,1.124477307,2651,20835.10893,6.58,104.6411,24.798,1.802198852,531,0,0,1,0,0,4.0492
"Spain",1994,0,0,0,39549108,1.517651898,5361,19551.14529,24.20899963,59.842892,21.323,1.839179304,1415,1,0,0,0,0,4.0492
"Spain",1995,0,0,0,39724050,1.579195235,5852,20001.7908,22.67499924,62.639832,20.687,1.965531017,1438,2,0,0,1,0,4.0492
"Spain",1996,0,0,0,39889852,1.640738573,5688,20448.60149,22.1420002,64.869087,20.584,1.840340309,1400,0,0,0,0,0,7.5969
"Spain",1997,0,0,0,40057389,1.702281911,5532,21117.01858,20.69799995,66.147713,20.011,1.831616814,1887,1,0,0,2,0,7.5969
"Spain",1998,0,0,0,40223509,1.763825248,5939,21953.66752,18.67399979,67.361076,19.909,1.805957989,1600,1,0,0,4,0,7.5969
"Spain",1999,0,0,0,40386875,1.825368586,6714,22846.71775,15.47599983,68.917343,19.750999,1.794793889,1600,1,0,1,0,0,7.5969
"Spain",2000,0,0,0,40567864,1.886911923,6987,23937.96855,13.78499985,71.283638,19.481001,1.697303855,2500,4,0,0,0,0,7.5969
"Spain",2001,0,0,0,40850412,1.945174044,6806,24707.36707,10.34799957,73.842598,19.107,1.831259371,2502,0,0,0,0,0,7.5969
"Spain",2002,0,0,0,41431558,2.003436165,6780,25026.08647,11.14599991,76.106438,19.334999,1.796673213,2852,0,0,0,0,0,7.5969
"Spain",2003,0,1,1,42187645,2.061698286,5900,25310.45639,11.28299999,78.419487,19.927,1.794417313,2852,1,0,0,0,0,7.5969
"Spain",2004,1,1,2,42921895,2.119960407,5686,25654.33655,11.09000015,80.802818,20.135,1.789078199,1462,1,2,0,0,0,3.7377
"Spain",2005,0,0,0,43653155,2.178222528,5374,26145.80858,9.145999908,83.524628,20.408001,1.761996728,1460,1,0,0,0,0,3.7377
"Spain",2006,0,0,0,44397319,2.236484648,5275,26762.26726,8.451999664,86.460831,20.43,1.790853567,1481,0,0,0,0,0,3.7377
"Spain",2007,0,0,0,45226803,2.294746769,5147,27218.44926,8.232000351,88.870522,20.797001,1.86548326,2513,1,1,1,0,0,3.7377
"Spain",2008,0,1,1,45954106,2.35300889,4661,27025.29494,11.25399971,92.492577,22.190001,1.95846751,2128,0,1,0,0,0,3.7377
"Spain",2009,0,0,0,46362946,2.411271011,3970,25778.95647,17.85700035,92.226196,25.384001,2.053074702,2375,0,0,0,0,0,3.7377
"Spain",2010,0,0,0,46576897,2.469533132,3820,25702.34684,19.86000061,93.886169,24.722,2.159485937,2361,0,0,0,0,0,3.7377
"Spain",2011,0,0,0,46742697,2.527795252,4228,25402.60507,21.38999939,96.886902,25.395,2.163639833,2601,0,1,0,0,0,7.5969
"Spain",2012,0,1,1,46773055,2.586057373,4510,24634.96209,24.78700066,99.25676,25.341,2.038504547,2612,0,0,1,0,0,7.5969
"Spain",2013,0,1,1,46620045,2.644319494,4637,24368.96824,26.09399986,100.6548,25.559,2.045380596,2440,0,0,1,0,0,7.5969
"Spain",2014,0,0,0,46480882,2.702581615,5798,24783.08295,24.44099998,100.503,25.231001,2.003666105,1514,0,0,0,0,0,7.5969
"Spain",2015,0,3,3,46444832,2.760843736,6457,25754.36103,22.05699921,100,24.656,2.019413692,894,0,0,0,2,0,7.5969
"Spain",2016,0,0,0,46484062,2.832878335,12989,26514.32481,19.63500023,99.797333,24.250999,1.903684551,1054,1,0,0,0,0,7.5969
"Spain",2017,1,0,1,46593236,2.904912935,17526,27239.35244,17.22400093,101.7495,23.854,1.829021636,1025,0,0,0,0,0,7.5969
"Spain",2018,1,0,1,46796540,2.976947535,20457,27739.86477,15.25500011,103.4538,23.709,1.829739484,1339,0,1,0,1,0,3.7377
"Spain",2019,0,1,1,47134837,3.0484737675,57751,28087.89792,14.1,104.1775,24.647,1.820534992,1488,0,0,0,0,0,3.7377
"Spain",2020,0,0,0,47365655,3.12,103624,24785.44671,15.53,103.8412,31.184,2.102614605,1572,0,0,1,1,0,1.9312
"Spain",2021,0,1,1,47415750,4.631596499,122539,26125.87167,14.78,107.0532,29.538,2.040117928,1595,1,1,0,1,0,1.9312
"Sweden",1994,0,0,0,8780745,3.284964169,200791,33511.64872,9.579999924,79.410927,32.942001,1.474190467,1645,0,1,0,4,0,3.4447
"Sweden",1995,0,0,0,8826939,3.420570334,199212,34648.11892,8.897000313,81.36058,30.561001,1.373020074,1121,4,0,0,0,0,3.4447
"Sweden",1996,0,0,0,8840998,3.556176499,191171,35139.40299,9.546999931,81.794342,30.093,1.395449851,500,0,0,0,0,0,3.4447
"Sweden",1997,0,0,0,8846062,3.691782664,186725,36197.63421,10.35900021,82.332893,28.867001,1.296087693,487,0,1,0,0,0,3.4447
"Sweden",1998,0,0,0,8850974,3.827388829,178795,37737.46228,8.940999985,82.112953,28.523001,1.301584391,0,0,1,0,0,0,3.4447
"Sweden",1999,0,0,0,8857874,3.962994994,159513,39309.597,7.606999874,82.492447,27.979,1.306564648,510,2,1,0,0,0,3.4447
"Sweden",2000,0,0,0,8872109,4.098601159,157220,41117.15243,5.46600008,83.234177,26.773001,1.240756657,1315,1,1,0,0,0,3.4447
"Sweden",2001,0,0,0,8895960,4.366198368,146491,41601.30768,4.730000019,85.236763,26.813999,1.287603298,797,0,1,0,2,0,3.4447
"Sweden",2002,0,0,0,8924958,4.633795577,142193,42377.11964,4.965000153,87.076576,27.521,1.325394565,838,0,0,0,0,0,3.4447
"Sweden",2003,0,0,0,8958229,4.901392787,112167,43194.92617,5.554999828,88.753372,28.198999,1.335813085,42,2,0,0,0,0,3.4447
"Sweden",2004,0,0,0,8993531,5.168989996,73408,44891.32321,6.69299984,89.085007,27.671,1.274810455,27,0,0,0,0,0,3.4447
"Sweden",2005,0,0,0,9029572,5.436587205,74915,45990.37433,7.486000061,89.488724,27.325001,1.269115265,26,1,0,0,0,0,3.4447
"Sweden",2006,0,0,0,9080505,5.704184414,79913,47864.81086,7.065999985,90.705963,26.610001,1.280118175,327,0,0,0,0,0,6.796175
"Sweden",2007,0,0,0,9148092,5.971781623,75078,49145.19583,6.160999775,92.712517,25.483,1.271303483,461,0,0,0,2,0,6.796175
"Sweden",2008,0,0,0,9219637,6.239378832,77038,48544.11589,6.235000134,95.899101,25.549999,1.289524757,580,0,1,0,0,0,6.796175
"Sweden",2009,0,0,0,9298515,6.506976041,81356,46043.48094,8.350999832,95.424919,27.632,1.349977795,361,1,0,0,0,0,6.796175
"Sweden",2010,1,0,1,9378126,6.77457325,82629,48369.91004,8.609999657,96.529922,26.254999,1.341029491,433,0,1,0,0,0,6.796175
"Sweden",2011,0,0,0,9449213,7.042170459,86615,49539.97261,7.803999901,99.388321,25.59,1.313422626,501,0,0,2,0,0,6.796175
"Sweden",2012,0,0,0,9519374,7.309767668,92872,48885.54842,7.975999832,100.2713,26.507,1.354091679,615,1,0,0,0,3,6.796175
"Sweden",2013,0,0,0,9600379,7.577364878,114175,49048.81875,8.052000046,100.2269,27.174,1.349809916,507,0,0,1,0,0,6.796175
"Sweden",2014,0,0,0,9696110,7.844962087,142207,49855.30101,7.953000069,100.0468,26.804001,1.323698821,283,0,0,0,0,0,3.4118
"Sweden",2015,0,0,0,9799186,8.112559296,169520,51545.48361,7.43200016,100,26.341,1.264790631,51,1,1,0,0,0,3.4118
"Sweden",2016,0,0,0,9923085,8.268407287,230164,51955.86107,6.989999771,100.9843,26.421,1.275397725,254,1,0,0,0,0,3.4118
"Sweden",2017,1,0,1,10057698,8.424255278,240899,52576.81028,6.717999935,102.7964,26.143,1.275447161,276,0,0,0,0,0,3.4118
"Sweden",2018,0,1,1,10175214,8.580103269,248226,52983.00686,6.346000195,104.8046,26.055,1.292320614,314,0,0,0,0,0,3.4118
"Sweden",2019,0,1,1,10278887,8.7350516345,253787,53490.35182,5.1,106.6745,25.072,1.302415093,363,0,0,0,0,0,3.4118
"Sweden",2020,0,0,0,10353442,8.89,248372,51952.67313,6.83,107.205,25.855,1.381710329,363,0,0,1,0,0,3.4118
"Sweden",2021,0,0,0,10415811,8.580103269,240854,54422.91813,8.29,109.5241,24.9,1.331891506,219,0,0,0,0,1,3.42276666666667
"Switzerland",1994,0,0,0,6993795,3.633362016,75295,67391.84433,3.878999949,88.475548,15.685,1.381710329,39,0,0,0,0,0,3.42276666666667
"Switzerland",1995,0,0,0,7040687,3.773675853,82943,67264.91129,3.326999903,90.067932,14.033,1.551529955,0,0,1,0,1,0,5.060775
"Switzerland",1996,0,0,0,7071850,3.91398969,84413,67284.10913,3.704999924,90.798973,14.397,1.557246058,0,0,0,0,0,0,5.060775
"Switzerland",1997,0,0,0,7088906,4.054303527,83203,68640.07445,4.203999996,91.271317,14.909,1.527112757,0,0,0,0,0,0,5.060775
"Switzerland",1998,0,0,0,7110001,4.194617364,81903,70510.02547,3.596999884,91.287697,14.869,1.514515988,0,0,2,1,0,0,5.060775
"Switzerland",1999,0,0,0,7143991,4.334931201,82298,71341.34285,3.144999981,92.023903,14.648,1.483183217,0,0,1,0,0,0,5.060775
"Switzerland",2000,0,0,0,7184250,4.475245038,57653,73749.9388,2.665999889,93.458099,13.875,1.464217895,189,0,0,0,0,0,5.060775
"Switzerland",2001,0,0,0,7229854,4.587859504,58494,74439.4636,2.49000001,94.382423,14.184,1.504871781,210,1,1,0,0,0,5.060775
"Switzerland",2002,0,0,0,7284753,4.700473969,54113,73824.38488,2.924000025,94.989021,15.056,1.579390321,160,0,0,0,6,0,5.060775
"Switzerland",2003,0,0,0,7339001,4.813088434,50144,73254.95291,4.116000175,95.595337,15.946,1.639407836,2,0,0,0,0,0,5.060775
"Switzerland",2004,0,0,0,7389625,4.9257029,47678,74718.68361,4.315999985,96.362846,15.852,1.603890552,4,0,0,0,0,0,5.060775
"Switzerland",2005,0,0,0,7437115,5.038317365,48030,76282.98396,4.436999798,97.49218,15.622,1.572110485,4,0,0,0,0,0,5.060775
"Switzerland",2006,0,0,0,7483934,5.15093183,48523,78893.80774,4,98.525131,14.697,1.508714806,35,0,0,0,0,0,5.060775
"Switzerland",2007,0,0,0,7551117,5.263546295,45653,81254.17005,3.65199995,99.246674,14.085,1.471173812,29,0,0,0,0,0,4.2952
"Switzerland",2008,0,0,0,7647675,5.376160761,46132,82481.06804,3.349999905,101.6544,13.818,1.470140388,28,0,1,0,0,0,5.52862
"Switzerland",2009,0,0,0,7743831,5.488775226,46203,79585.52159,4.116000175,101.166,15.256,1.557592335,25,0,1,1,0,0,5.52862
"Switzerland",2010,0,0,0,7824909,5.601389691,48813,81315.42286,4.80700016,101.8623,15.061,1.551085075,25,0,0,0,0,0,5.52862
"Switzerland",2011,0,0,0,7912398,5.714004157,50416,81874.33619,4.407999992,102.0979,14.928,1.602712579,20,0,0,0,0,0,5.52862
"Switzerland",2012,0,0,0,7996861,5.826618622,50747,81964.88642,4.485000134,101.3909,15.287,1.612465225,20,0,0,0,0,0,5.52862
"Switzerland",2013,0,0,0,8089346,5.939233087,52464,82479.92154,4.747000217,101.1705,15.439,1.659975312,20,0,0,0,0,0,5.52862
"Switzerland",2014,0,0,0,8188649,6.051847553,62620,83394.37114,4.826000214,101.1571,15.502,1.666218921,20,0,0,0,0,0,5.52862
"Switzerland",2015,0,0,0,8282396,6.164462018,73336,83806.4476,4.801000118,100,15.885,1.691597448,21,0,0,0,3,0,5.060775
"Switzerland",2016,0,0,0,8373338,6.223300748,82681,84611.09985,4.918000221,99.565392,15.907,1.683603518,23,0,1,0,0,0,5.060775
"Switzerland",2017,0,0,0,8451840,6.282139477,92995,84967.58855,4.796999931,100.0969,16.124001,1.699740607,28,0,1,0,0,0,5.060775
"Switzerland",2018,0,0,0,8513227,6.340978207,104037,86756.60213,4.712999821,101.0341,16.023001,1.700230671,27,0,0,0,1,0,5.060775
"Switzerland",2019,0,0,0,8575280,6.4004891035,110162,87123.66044,4.39,101.4007,16.145,1.665174573,41,0,1,0,0,0,5.060775
"Switzerland",2020,1,0,1,8638167,6.46,115798,84434.77849,4.82,100.6647,19.315,1.739672617,38,0,0,0,0,0,5.060775
"Switzerland",2021,0,0,0,8703405,6.632289908,118829,87339.75975,5.1,101.2504,18.03,1.672672015,39,0,1,0,0,0,5.060775
"UK",1994,0,0,0,57865745,3.079112555,85160,33013.31111,9.649999619,64.900002,17.76,1.749904588,5208,2,0,0,1,0,5.060775
"UK",1995,0,0,0,58019030,3.159851862,90909,33759.67064,8.694000244,66.599998,16.716999,1.83118041,12980,0,0,0,0,0,5.060775
"UK",1996,0,0,0,58166950,3.240591169,98577,34316.21971,8.192000389,68.5,16.521999,1.773280646,11960,1,0,1,0,0,5.060775
"UK",1997,0,0,0,58316954,3.321330477,107933,35776.44633,7.072000027,70,15.806,1.721543446,5280,0,0,0,0,0,4.3562
"UK",1998,0,0,0,58487141,3.402069784,121716,36798.62173,6.203000069,71.300003,16.242001,1.750346757,6910,0,1,0,4,0,4.3562
"UK",1999,0,0,0,58682466,3.482809091,148922,37781.58188,6.043000221,72.599998,16.056,1.888082501,16090,1,0,0,0,0,4.3562
"UK",2000,0,0,0,58892514,3.563548399,186248,39187.58308,5.561999798,73.400002,16.191999,1.973256082,8402,1,0,0,0,0,4.3562
"UK",2001,0,0,0,59119673,3.745230456,233389,39879.20578,4.695000172,74.599998,17.032,2.046900382,9375,1,0,0,0,0,4.3562
"UK",2002,0,1,1,59370479,3.926912513,260687,40413.92315,5.037000179,75.699997,17.125999,2.128168883,6904,1,0,0,0,0,4.3562
"UK",2003,0,2,2,59647577,4.10859457,276522,41482.46171,4.80700016,76.699997,17.882999,2.179925788,16862,0,0,0,0,0,4.3562
"UK",2004,0,2,2,59987905,4.290276627,298844,42214.35342,4.593999863,77.800003,18.379,2.349923644,11882,3,0,0,0,0,4.3562
"UK",2005,2,0,2,60401206,4.471958684,303181,43044.21153,4.75,79.400002,18.337999,2.342162068,11971,1,0,0,0,0,4.3562
"UK",2006,0,1,1,60846820,4.653640741,301556,43652.09467,5.349999905,81.400002,18.239,2.260524787,15254,0,0,0,0,0,4.3562
"UK",2007,1,1,2,61322463,4.835322798,299718,44423.83525,5.262000084,83.300003,18.813999,2.282844277,17816,3,0,0,0,0,4.3562
"UK",2008,2,1,3,61806995,5.017004855,292097,44007.54928,5.614999771,86.199997,20.108,2.32915768,14666,3,0,0,0,0,4.3562
"UK",2009,0,1,1,62276270,5.198686912,269363,41705.93912,7.537000179,87.900002,22.242001,2.519768177,13260,1,0,0,0,0,4.3562
"UK",2010,1,2,3,62766365,5.380368969,238150,42385.86022,7.787000179,90.099998,22.423,2.426452641,9833,2,0,2,4,0,5.8568
"UK",2011,0,2,2,63258810,5.562051026,193510,42504.89635,8.036999702,93.599998,22.16,2.248967336,10394,0,1,0,0,0,5.8568
"UK",2012,0,3,3,63700215,5.743733083,149799,42821.76128,7.885000229,96,22.229,2.194681955,10310,1,1,0,0,0,5.8568
"UK",2013,1,2,3,64128273,5.92541514,126055,43310.02056,7.525000095,98.199997,22.450001,2.044824419,10205,1,1,1,1,0,5.8568
"UK",2014,0,4,4,64602298,6.107097197,117234,44367.853,6.110000134,99.599998,21.858,1.922163909,8416,0,0,0,0,0,5.8568
"UK",2015,1,2,3,65116219,6.288779254,123067,45071.07432,5.301000118,100,21.608999,1.876262458,1876,0,1,0,0,1,7.4261
"UK",2016,1,5,6,65611593,6.403282805,118995,45699.29696,4.813000202,101,21.24,1.803727326,2942,2,0,0,0,0,7.4261
"UK",2017,5,5,10,66058859,6.517786356,121766,46499.01355,4.335000038,103.6,20.753,1.817473561,3309,1,0,0,0,0,7.4261
"UK",2018,1,1,2,66460344,6.632289908,126720,47006.14293,3.996000051,106,20.591,1.81089062,2665,0,0,0,1,0,7.4261
"UK",2019,1,2,3,66836327,6.746144954,133083,47491.59456,3.74,107.8,19.513,1.782296587,3237,1,0,0,3,0,7.4261
"UK",2020,2,1,3,67081234,6.86,132304,42098.60293,4.472,108.9,22.488,2.049019859,3204,0,0,1,0,0,7.4261
"UK",2021,2,1,3,67026300,6.86,137078,45334.157,4.826,111.6,22.1,2.082065115,4163,0,1,0,1,0,7.4261
